NULL,NULL,DLJF0718,zlspxykft
NULL,NULL,MAQI9125,nxblfkc
NULL,NULL,CFIG7894,wgvzsxki
NULL,NULL,ACHN0763,iykgjrnf
NULL,NULL,DVSP9382,jythpvifu
NULL,NULL,LTHV5306,nulgwsb
NULL,NULL,HIVA8369,tajxburle
NULL,NULL,XSBM1253,xnrikea
NULL,NULL,UIPJ2985,xevrswt
NULL,NULL,YADQ5341,pnwfxiqth
NULL,NULL,BSNU3617,yokxrdg
NULL,NULL,KSPM9725,xaehtsm
NULL,NULL,MCHQ9842,elurmqop
NULL,NULL,VKUC8794,kpcshwoq
NULL,NULL,BCOS3290,gunwpbso
NULL,NULL,QAUR9813,mkhxqsad
NULL,NULL,VXEI0352,vlocian
NULL,NULL,EMRT3891,szehkytn
NULL,NULL,TGQF1589,xdfyhgab
NULL,NULL,FMNH9824,qcoxudvn
NULL,NULL,JWQX1397,nzjdhqo
NULL,NULL,LGOJ9245,hdzlwme
NULL,NULL,LEKX9267,cryapifme
NULL,NULL,DHWB2984,vzuniead
NULL,NULL,TYOS8327,xvfjzius
NULL,NULL,EXUY1930,cifnxlm
NULL,NULL,ETGF6598,hcqgkyp
NULL,NULL,TKIG5426,zpwjfdnhe
NULL,NULL,GKFY3278,wrovzdic
NULL,NULL,SOJI8079,egdthpyqi
NULL,NULL,GMQN8724,mhgfbvckr
NULL,NULL,RYEV6291,dknirsg
NULL,NULL,MEOS5134,lsnafjyh
NULL,NULL,TCOX4293,nycwqeiv
NULL,NULL,OAWN9271,tqdoimzbs
NULL,NULL,GMKV5018,mnwgsvz
NULL,NULL,FLVT7150,qzsjxir
NULL,NULL,QSFM4231,isrqeca
NULL,NULL,LJQR1859,obhxmtvi
NULL,NULL,BOEP5032,rpewgnk
NULL,NULL,LJBR1053,qjueftc
NULL,NULL,DGTO2514,dkjangfec
NULL,NULL,FIOB1265,drlqzapm
NULL,NULL,LAUR8963,xkmjrbi
NULL,NULL,LKNH8392,ucpiotsj
NULL,NULL,HMWG2683,jonwqhvf
NULL,NULL,HFUY2059,lujkpxr
NULL,NULL,HUCE3681,mvzakxty
NULL,NULL,GKLC9537,yvflwabqr
NULL,NULL,HTPL4670,lrpaceod
NULL,NULL,JLHP9420,jztvfqu
NULL,NULL,XCEF2985,aqwpemxvr
NULL,NULL,FBOQ9237,nsygoph
NULL,NULL,MNWI4789,lnecmva
NULL,NULL,GUCD8460,rbvnkljd
NULL,NULL,JWFE8420,iebjuqdof
NULL,NULL,YIHL7438,tlpbymga
NULL,NULL,LOQG6120,ihpoxbr
NULL,NULL,PCVO3482,vyrdscwil
NULL,NULL,YHIF7054,bwvzuiqop
NULL,NULL,RMJF8216,voipjby
NULL,NULL,OMXU3780,wdzcxtr
NULL,NULL,XJWB7061,waoxbiflm
NULL,NULL,SBOD8537,lrztobf
NULL,NULL,KSFX2310,igxlzshdv
NULL,NULL,QCHR1625,kxqgovemy
NULL,NULL,KYND5609,zusvibenj
NULL,NULL,TISR1476,wpaoyscm
NULL,NULL,TCAL6457,iaypezvo
NULL,NULL,ILHW5439,guklvwsho
NULL,NULL,JEUP3850,ktmlcfsg
NULL,NULL,OIVM6514,nyszwtug
NULL,NULL,UHKY4587,mzahdukg
NULL,NULL,VQOP1467,atsugdo
NULL,NULL,NQEU7592,jzcetah
NULL,NULL,MBHJ3749,jmldwuhys
NULL,NULL,PLHQ6420,esonmjzk
NULL,NULL,BVHY2810,exfcmoq
NULL,NULL,MISD4230,ptqwecdgs
NULL,NULL,BTLU7423,czjmyqhdi
NULL,NULL,PCMA3856,svnfqaix
NULL,NULL,BIEK8019,hancouz
NULL,NULL,JXBW1026,ryuswfnkd
NULL,NULL,DISV3892,qvaybgxpe
NULL,NULL,JPFU6952,duiwtpezn
NULL,NULL,AOYR9870,eqpyagnbk
NULL,NULL,SBNR9376,rdexgchb
NULL,NULL,TBJS6759,jktiqglzy
NULL,NULL,ESUO8219,mzpbisj
NULL,NULL,FSKO3640,jmafebrv
NULL,NULL,BAXY0541,abmefdtu
NULL,NULL,JTOL2935,olhbzgm
NULL,NULL,PYRB4176,irzahlg
NULL,NULL,PWQR5892,fdheryg
NULL,NULL,ATCO0614,xyqgajtpm
NULL,NULL,UMSB3746,nguwrkbe
NULL,NULL,LXWY6810,vtszhal
NULL,NULL,KYXA7104,rpvtyfkq
NULL,NULL,AMHT6713,vzxfchip
NULL,NULL,ATHI5371,ivbrdsetk
NULL,NULL,HDYX4053,yjixgwor
NULL,NULL,FXGN2493,cysfzim
NULL,NULL,XVDB9351,jcgzaexru
NULL,NULL,WMSK9126,fwrthplnd
NULL,NULL,HAPL3096,elzcnjghd
NULL,NULL,WCQD3841,icojfzvhk
NULL,NULL,LVXW2760,betqwyo
NULL,NULL,DWEK3057,rhyoziwc
NULL,NULL,NKCW5061,excrjlms
NULL,NULL,TAQM1795,axsebzwr
NULL,NULL,HSVM5670,pkdhxamr
NULL,NULL,HUPR1034,qfevkzic
NULL,NULL,HQCG9735,evzmxntu
NULL,NULL,MXSI5937,urozawljm
NULL,NULL,EIKQ7149,kmzqcinh
NULL,NULL,QUSB5023,nxrlebju
NULL,NULL,JDGF2598,kfgqurv
NULL,NULL,VRGI1346,odcvielp
NULL,NULL,NWTR1278,esmyabf
NULL,NULL,BISJ6197,zvsdwfobp
NULL,NULL,PORB6074,grtnufm
NULL,NULL,XTDQ4375,cpiwlebfg
NULL,NULL,AULN5230,vxchfkzea
NULL,NULL,AMIX9354,ghjwixpqe
NULL,NULL,IMJW5643,gfxnlkua
NULL,NULL,CAES9712,jkibpzal
NULL,NULL,UVTX4029,jtqcuiw
NULL,NULL,TPVH5387,hmglnup
NULL,NULL,EJQV4253,jlhsdfw
NULL,NULL,LPJW9374,ivwdsqrza
NULL,NULL,MPIT3876,nvaudfix
NULL,NULL,LHYK0497,qrgidxmh
NULL,NULL,DQRK4936,vwuqdkjt
NULL,NULL,QGFH7813,dfylzejwp
NULL,NULL,VRCP0283,toviklhd
NULL,NULL,XWQY8532,vrkyebl
NULL,NULL,MTCW6912,jznfdav
NULL,NULL,DUYH6427,lwuyqbzv
NULL,NULL,DOLH4176,txyabrqm
NULL,NULL,THSI5327,whulrvcm
NULL,NULL,DEBW2861,dkxspbhq
NULL,NULL,UBWA3045,fjzidoxuc
NULL,NULL,YPWL0982,xowfbtu
NULL,NULL,XMGB3624,jhwmcneu
NULL,NULL,ANLM6751,lacusnfqw
NULL,NULL,RIHS8150,buzmpsiyh
NULL,NULL,BVQS3578,mvfchypar
NULL,NULL,CNDJ5328,ilkatdjbf
NULL,NULL,RVFT0719,ltmhdbpk
NULL,NULL,NEOS8596,wenqbhsop
NULL,NULL,QEON9453,bdvpygc
NULL,NULL,TUGS7094,xotvrszch
NULL,NULL,EAIL7026,viznmphj
NULL,NULL,AYTN6289,rduhvewc
NULL,NULL,FOBI8476,omktbpha
NULL,NULL,RIBK3065,odzyxpeb
NULL,NULL,XHRP8960,pbizmnd
NULL,NULL,SWVN2683,doiufxq
NULL,NULL,DYHN7130,hgqijrfx
NULL,NULL,RTCJ1356,tknrhup
NULL,NULL,MNIF5306,ykbjnehs
NULL,NULL,SFIL8690,ydvpesuwx
NULL,NULL,VMDL3706,ubxrkdqi
NULL,NULL,BFSH8940,jaysqcpft
NULL,NULL,RQSB8064,olrvibeg
NULL,NULL,HTNI5692,pzdgerufs
NULL,NULL,HIML5681,gazcxukps
NULL,NULL,TYJI3048,gyhxdmzo
NULL,NULL,RKGS1608,paexisly
NULL,NULL,VQML6184,vglmnwui
NULL,NULL,NVLK6185,luzrathk
NULL,NULL,OYVG6358,rfdcekph
NULL,NULL,DWUQ4618,auodwyipx
NULL,NULL,BJUS9823,yrstnwl
NULL,NULL,MUIV6938,pzuyrxekf
NULL,NULL,XDRQ2480,lxtjvqrw
NULL,NULL,YJKX6570,wekbiodag
NULL,NULL,OYCU5128,xdeojtv
NULL,NULL,GOXL0143,uioqmdyas
NULL,NULL,QVCB7129,idembwn
NULL,NULL,SODA3516,xvpofkd
NULL,NULL,PHKQ7582,qcbaxjrot
NULL,NULL,XLDO7534,bzloxatk
NULL,NULL,BQNR9310,azbnxdpre
NULL,NULL,IOBG6718,mxnwglp
NULL,NULL,UFGY8249,zfoybetl
NULL,NULL,VMIR2675,skxrzfw
NULL,NULL,REWA0695,mphbrwxsz
NULL,NULL,UMFG9103,aqnxkmj
NULL,NULL,MXQL2304,pwgbfxztk
NULL,NULL,ECAI1829,bhmqodnz
NULL,NULL,KGNJ7063,jozcgirm
NULL,NULL,DTRC4732,tlqediuzg
NULL,NULL,QBYG2465,egbkmdp
NULL,NULL,ANCE2109,dksortgv
NULL,NULL,KTDU4210,pbejwox
NULL,NULL,WNGE3627,ztbceunqk
NULL,NULL,PFRC7316,cksavdnz
NULL,NULL,RVGN5389,ikzloaux
NULL,NULL,EJQR7158,olfgqzbd
NULL,NULL,WKTB3518,qjncgfh
NULL,NULL,NGVR2678,kusfoyra
NULL,NULL,YQHV3519,hqncwezvo
NULL,NULL,KXBJ9310,rjyqchal
NULL,NULL,LTUD6231,xntgluhi
NULL,NULL,FHLK4027,rbndzwl
NULL,NULL,NRQE1756,bcywidl
NULL,NULL,BAXO8932,volwakiu
NULL,NULL,DNQP9634,vhoufzi
NULL,NULL,IMFK8952,tplziak
NULL,NULL,XUKQ1254,qxrbciz
NULL,NULL,QPFT9361,pcuonys
NULL,NULL,QGFP9736,gspqydaeh
NULL,NULL,YQKD8526,pcianrokt
NULL,NULL,HKEM8796,xoabrduzf
NULL,NULL,IAPD7012,xfibgcrvs
NULL,NULL,JBUQ4130,itbpvqdc
NULL,NULL,SMCJ6132,jsgzxqvlr
NULL,NULL,RCOM6893,hczpnvfu
NULL,NULL,DSRB5298,zwxbdtkfv
NULL,NULL,DCIU7648,sogqvbtj
NULL,NULL,SRLG0281,qjvifybkc
NULL,NULL,ORVY8963,igphqej
NULL,NULL,XUYO4310,hjcfwtpik
NULL,NULL,RFXC9586,nvmtowuhb
NULL,NULL,BMJH3869,brwjspm
NULL,NULL,TIDX1930,owlnkuez
NULL,NULL,MCAW0521,bnkqhsf
NULL,NULL,LHVW3158,rfdpneoqv
NULL,NULL,NIOY6237,stmhfzeb
NULL,NULL,INQT7431,pbifrzloh
NULL,NULL,PASR3109,tnlwrdev
NULL,NULL,LJAG0789,dyfaptxk
NULL,NULL,RINV1957,ekfxrhg
NULL,NULL,UWLH7439,ztfcarj
NULL,NULL,MQAC4671,rdqfmyx
NULL,NULL,GCTI0518,ovmjfkaln
NULL,NULL,PHCK9742,cougkzyx
NULL,NULL,FJRL0613,drjsvwq
NULL,NULL,MKXT7965,dpbtylxe
NULL,NULL,XSVT3254,tefqngc
NULL,NULL,FYCE1926,wixjzeh
NULL,NULL,YWFQ6378,tzvsgnpw
NULL,NULL,VQTH7254,lgdjnwtau
NULL,NULL,BXMO0281,sduewqxo
NULL,NULL,CIUW4639,mrsbcad
NULL,NULL,LKTJ4709,smpbdgqfe
NULL,NULL,DLRF8921,cdholqsiw
NULL,NULL,HYJM9146,ydcvlbwi
NULL,NULL,CDQF6153,qpsneym
NULL,NULL,HKXB2406,hfmnlape
NULL,NULL,ANWR6193,vtczlrubk
NULL,NULL,MDXR8967,pnwshftv
NULL,NULL,CJUV8362,dxmfrtbw
NULL,NULL,JWFA2301,eshkcrjw
NULL,NULL,ADBN3298,ahwtumrzy
NULL,NULL,DPTA9580,zxsnmgwfu
NULL,NULL,IXOV2804,klwzudf
NULL,NULL,BTNC5371,kesaypnzx
NULL,NULL,PSAX3194,swpdmur
NULL,NULL,TDMX8641,yfmnsuv
NULL,NULL,KJUH4259,adztlhg
NULL,NULL,YKBV4713,cnsruqwe
NULL,NULL,XELY6495,fmowibgr
NULL,NULL,JPDS7851,rnjcdeokm
NULL,NULL,OMWU1639,mujrxyt
NULL,NULL,YBUR9150,kixbgazwh
NULL,NULL,IUGE3980,aqgsjti
NULL,NULL,DXHJ6178,qvechtibf
NULL,NULL,VEKF5479,peaknsiv
NULL,NULL,DRLP3085,bmfxshw
NULL,NULL,JGEP5427,faigldtqw
NULL,NULL,CHMK8103,dyifacwm
NULL,NULL,TXBC8120,justcngfi
NULL,NULL,KFTO7691,ldyihxqum
NULL,NULL,AWMQ9816,olviuespf
NULL,NULL,OSGF6924,btngysp
NULL,NULL,MDYV7950,iefwmjb
NULL,NULL,VNFX4261,ibsyofvl
NULL,NULL,IFOP5230,cvkqfaugt
NULL,NULL,LXVH0584,yzqhblwv
NULL,NULL,ERPB5318,hcudytxf
NULL,NULL,DOPW8463,negahko
NULL,NULL,MSEJ1534,grkzomjaw
NULL,NULL,PWFS8591,ftaqpjnvr
NULL,NULL,UQXL1952,hzkbvxcj
NULL,NULL,WDFV1890,mtxeuiars
NULL,NULL,EGFM7650,xnarkdj
NULL,NULL,FKRC7318,tlimrfpc
NULL,NULL,XBGH5642,nqumtog
NULL,NULL,RODM9376,sztvcdmrl
NULL,NULL,ALTB3859,xiltkbp
NULL,NULL,TBXM2673,kcbhnrjps
NULL,NULL,FBTJ4985,pzxlgmdyu
NULL,NULL,VFHR9764,trcqdva
NULL,NULL,GYSI5813,cvluyjp
NULL,NULL,WFRM6957,mpwqsexl
NULL,NULL,GLIQ9715,orxgeuak
NULL,NULL,YUTJ0289,bdtezwsa
NULL,NULL,GIBX9816,znprloys
NULL,NULL,TFXM3506,hbdakqyx
NULL,NULL,NPUT0761,pxrjzdv
NULL,NULL,ECJY7621,vzodwbtn
NULL,NULL,TBLA2617,wtqrvdpa
NULL,NULL,POYM1204,jaqurngbd
NULL,NULL,QTXA0246,rtsjozml
NULL,NULL,EBJO0894,rxcetluhf
NULL,NULL,SNVO8076,kbyprlhq
NULL,NULL,RTSK9745,tmkxaqg
NULL,NULL,YBAI5718,inoxwqub
NULL,NULL,DFMV2196,dqkolwvb
NULL,NULL,NIDK5849,nivdszrjm
NULL,NULL,LEPC8372,mdfjavr
NULL,NULL,GWLV9783,hkovintwg
NULL,NULL,FHAQ9765,cqskgdr
NULL,NULL,IJVL1374,gczfaywbj
NULL,NULL,SRQH9753,vqwdcrolg
NULL,NULL,WTVK4710,bdjfkzg
NULL,NULL,OPGY4297,yukivmpt
NULL,NULL,VNUD9061,fziorlub
NULL,NULL,NHKM4519,wfexdmy
NULL,NULL,CEAV6074,nmobgtqr
NULL,NULL,KGSM0841,ukpweofzx
NULL,NULL,GLRO1027,jkrhygvwz
NULL,NULL,GALT6072,ghnfaxsku
NULL,NULL,WRGX7516,vlsdwgp
NULL,NULL,LNFP6389,fznwoqh
NULL,NULL,WAYH4956,ajsyrwum
NULL,NULL,ICQX9614,pmaynfgiw
NULL,NULL,HUEB6950,fdmhgtroq
NULL,NULL,YHSR6027,edcikzp
NULL,NULL,CJEM6381,zoskpjt
NULL,NULL,VRFS2608,lpyecjfo
NULL,NULL,RDBH0839,gipcozt
NULL,NULL,OIEG8152,olysefc
NULL,NULL,URXQ3845,qnyrihjt
NULL,NULL,JQEV4265,maugkbdz
NULL,NULL,LXNW5213,iyftcwxm
NULL,NULL,KBGV7316,ksxucel
NULL,NULL,JLMY1372,mavjeiolz
NULL,NULL,UTDI2489,bvjfeayon
NULL,NULL,EGLQ5938,vujglbk
NULL,NULL,MTGA8103,xlhbdgai
NULL,NULL,DHJM2496,gukxabp
NULL,NULL,LEGV4328,odgabrip
NULL,NULL,RYHC6048,tpulfho
NULL,NULL,XQJI4201,ohsdjkec
NULL,NULL,HRWV2367,gdpwzaum
NULL,NULL,BHDK8719,fxgudzb
NULL,NULL,ADEX4083,zaectsf
NULL,NULL,FHIT5278,nxmbscf
NULL,NULL,NBKV0189,lmehbrs
NULL,NULL,OLBP8065,actsgwh
NULL,NULL,KMSU0712,hagnezsk
NULL,NULL,VKCU4085,sjrvmzgnc
NULL,NULL,TLEG4239,qwivdpxo
NULL,NULL,JQHA6357,ganuxser
NULL,NULL,WSPA1234,fhzbluj
NULL,NULL,MNQB7891,mtidoxkp
NULL,NULL,JFAV4869,elquricn
NULL,NULL,OFBX6870,facdvjyn
NULL,NULL,JYHE4697,qjvkpou
NULL,NULL,EOAB8164,xrqkliv
NULL,NULL,FVIT0438,zcewvdua
NULL,NULL,KLXO9185,dxsglbrm
NULL,NULL,IBXN8436,xplsnwkf
NULL,NULL,GPMS2698,muclnihzw
NULL,NULL,HSBY3780,jkwfpngt
NULL,NULL,NSDY0452,xrfchpzy
NULL,NULL,JGHW6104,enacdyptj
NULL,NULL,HMNI8205,fejucsi
NULL,NULL,LYKF3149,upirelx
NULL,NULL,GMIA5791,thybiup
NULL,NULL,PTNR3158,sfkdybte
NULL,NULL,OVKQ8596,nhcigdazv
NULL,NULL,JQPD6592,hgtqzkfrb
NULL,NULL,TXOK9745,jrwizpodh
NULL,NULL,SJPV9745,hbjxgdr
NULL,NULL,DORS9746,zratifh
NULL,NULL,RSGK6475,esnlqbw
NULL,NULL,AREI0172,onpevbzrf
NULL,NULL,GNLD8537,tbdasoz
NULL,NULL,JION8591,drpgvohab
NULL,NULL,OLRI9105,ftxmsjyo
NULL,NULL,BUHR1425,ikqtszrdv
NULL,NULL,WMPB9208,axcmrtd
NULL,NULL,BSDI2047,fdzwypx
NULL,NULL,HMTV1648,thjnmed
NULL,NULL,BWYN4508,sztcfnpw
NULL,NULL,KLGO3804,bymjulh
NULL,NULL,BUES9463,anzcdpym
NULL,NULL,XHED5680,sxzpgba
NULL,NULL,ELSV8456,ybgaiud
NULL,NULL,TQUH1645,viqajynbx
NULL,NULL,UBOC7936,kydbsgz
NULL,NULL,UXEI5706,hvrmqka
NULL,NULL,YHFE1357,javmegikw
NULL,NULL,LWSY2583,sgnlvbh
NULL,NULL,UTEH3678,lxopkbsn
NULL,NULL,TFLP3670,yirhqtcb
NULL,NULL,WVSL0684,nhtyfazr
NULL,NULL,PHBC7631,lqkftavcm
NULL,NULL,QUTY7645,dofuqen
NULL,NULL,NUFA8945,riewnxb
NULL,NULL,NAQK0932,qmfinxsd
NULL,NULL,JPNE1380,iulmogsxj
NULL,NULL,XKVT3614,rqnecbx
NULL,NULL,GUAX4197,dbqkznaf
NULL,NULL,GWXN0382,kmpxgeqav
NULL,NULL,UKPJ0376,bndipwah
NULL,NULL,DITE4132,pvxyekn
NULL,NULL,FOAQ7326,aklmdcy
NULL,NULL,AKTV5304,kilfzguw
NULL,NULL,HUWX7639,iwkdegfrv
NULL,NULL,IMRX6248,xprnolmq
NULL,NULL,KWXM5647,cmdkrlwge
NULL,NULL,TIGM7906,atlxkivdz
NULL,NULL,DOAM0847,avwbtmyhj
NULL,NULL,FUAW6053,ncatezmv
NULL,NULL,QBLE1205,ukylxgcph
NULL,NULL,CBEK1976,eaujwnxmq
NULL,NULL,LPDT9301,moikajq
NULL,NULL,HAPQ8156,nhlkgwap
NULL,NULL,RMNE7245,delpnbag
NULL,NULL,FCPW6783,xqvmsdc
NULL,NULL,ROPN7148,gmdklqs
NULL,NULL,OWCK6042,iskgqmxrz
NULL,NULL,LPWA1048,szxwguko
NULL,NULL,VFEX0934,fsoqtaup
NULL,NULL,UKIO9614,aphnzer
NULL,NULL,JBHC6241,uepdkvanc
NULL,NULL,KWYS6415,wdlsarfqv
NULL,NULL,HGQA2841,pxeongybd
NULL,NULL,BTQW4750,qoklzeb
NULL,NULL,NFKV5249,uqvcwyomh
NULL,NULL,XSEU7423,wdtloqmz
NULL,NULL,PURW8352,lapcufzx
NULL,NULL,GLCX3765,clrdmvnhs
NULL,NULL,BENH2307,jlisagtdz
NULL,NULL,YNOA5217,fzymkqdvh
NULL,NULL,NSQC9684,kvbowfc
NULL,NULL,OGNS1946,xelodrvty
NULL,NULL,JAMC4195,nuveycpj
NULL,NULL,UJBG1058,lcmseru
NULL,NULL,SJDH9802,vmbysnz
NULL,NULL,XNWU4516,iqvlkgbt
NULL,NULL,XIYJ6203,xodebgqc
NULL,NULL,ASVY6403,hyrqzadfv
NULL,NULL,GHQP4092,jryhlxogu
NULL,NULL,HJUO6723,rduwfmho
NULL,NULL,EFSW3096,qadviuxct
NULL,NULL,AEGC4327,gnedaltux
NULL,NULL,MHXG8907,wvuzjpyx
NULL,NULL,MNID9751,eownyltmh
NULL,NULL,GMKO1920,zmreybtla
NULL,NULL,WETO5178,zyrxkdpfa
NULL,NULL,WNHL4795,uqcrjysae
NULL,NULL,QAWY4735,kyjtuoa
NULL,NULL,QDFW6437,akylogsn
NULL,NULL,BFJN3706,eojfgtz
NULL,NULL,VCFB6974,kwpdbort
NULL,NULL,KMXV0947,oaemxcnw
NULL,NULL,NUKA4358,hvumpacix
NULL,NULL,KRPI6849,cprkalyen
NULL,NULL,HPQG8129,txgcrnk
NULL,NULL,KNXC3851,wjipctf
NULL,NULL,QSLB0839,vcgkdmb
NULL,NULL,IYLR9034,vhkabcswo
NULL,NULL,JTGV1264,wgcixlkm
NULL,NULL,HSUO2643,rniysuqj
NULL,NULL,OQBN2861,egjrsomuv
NULL,NULL,AFRY2753,mpbfiqazt
NULL,NULL,DQOK5398,qrluzag
NULL,NULL,LKOQ6971,ybslgnx
NULL,NULL,DQLI5291,qrlvwgof
NULL,NULL,JGEB6142,zqxrljt
NULL,NULL,HNMY8506,izfgthrl
NULL,NULL,FTCW3278,xjzbtyks
NULL,NULL,PKXL9185,zatluryg
NULL,NULL,RCQJ3872,kiaolzg
NULL,NULL,RJVU7945,psmvaiq
NULL,NULL,UKVL9064,lbwgnrde
NULL,NULL,PFME8264,cnymkfrjd
NULL,NULL,TBPQ2730,acfkgleoq
NULL,NULL,QORA9032,wahokictj
NULL,NULL,HVXT9275,zumpqjw
NULL,NULL,CAMR7562,ojvexrwbk
NULL,NULL,RIYX0496,gxhcknqa
NULL,NULL,AXNG6920,qzwpvhyit
NULL,NULL,XNLV9301,wvojahxmf
NULL,NULL,OCAE6790,sjxyaqo
NULL,NULL,NFKM4036,kqbvyor
NULL,NULL,BKWF6513,djegaus
NULL,NULL,JLFH4567,okajtndv
NULL,NULL,QFJL7380,hwbcexzp
NULL,NULL,SWXP9362,dsmxptf
NULL,NULL,KYQM2051,vwxpnlfc
NULL,NULL,QXIP9712,mykxoiqe
NULL,NULL,UWSA7490,pwqrkjzsu
NULL,NULL,JSCV0869,wrtqgcd
NULL,NULL,YGFH6170,tvenkuy
NULL,NULL,EUSL8049,xkmfoids
NULL,NULL,JPOU1752,tpnvwum
NULL,NULL,BFWL1023,udvcntlis
NULL,NULL,RQOV5309,obsgxcn
NULL,NULL,CBME2548,xnthygo
NULL,NULL,NRKA8265,hfcngmt
NULL,NULL,PJCT1973,vqotuicb
NULL,NULL,LRGO4317,fcqjarbzg
NULL,NULL,DNMR6783,gfvlnrwqd
NULL,NULL,TJXC6031,slhwfone
NULL,NULL,JNKG3617,ibwpuman
NULL,NULL,VHMP1290,mvzrayid
NULL,NULL,AIRG8461,vcqktfbri
NULL,NULL,XTUL0829,uceasnfml
NULL,NULL,RDAP5912,kgcwsvxtr
NULL,NULL,QOVS8150,ghxnrmfkd
NULL,NULL,YBMK5362,gqpsenf
NULL,NULL,SAET5469,ygruecn
NULL,NULL,QNRO1279,syduqxhw
NULL,NULL,RICL9214,neorjkzbf
NULL,NULL,TSVC8574,retgxaki
NULL,NULL,VPAX8036,xlqztby
NULL,NULL,AQTV6417,ncpkblv
NULL,NULL,IDJQ5764,zoytcfbwd
NULL,NULL,MSED2190,vkjcybn
NULL,NULL,QBHK1034,ofvpechlr
NULL,NULL,ELYG0972,yhbtfswa
NULL,NULL,QSHG3910,dfhswpu
NULL,NULL,EXNC1385,kocinjmge
NULL,NULL,VJQK1758,qnkmlta
NULL,NULL,OFPI0439,mxnfsod
NULL,NULL,EJPB6358,jeazkoci
NULL,NULL,NTIS1406,axdlifck
NULL,NULL,VSFQ2470,rvgbjqwh
NULL,NULL,QFRM1059,sfqomie
NULL,NULL,SMLG4805,uqmtpcd
NULL,NULL,HKLW6927,qevfkuipl
NULL,NULL,KIXQ0426,sjtnlep
NULL,NULL,FEVO6098,tzafdks
NULL,NULL,BFRL6801,jklvwouy
NULL,NULL,UCJD3045,btagyphj
NULL,NULL,HQBX3496,qjuslfki
NULL,NULL,NXRF2897,ozdlwenpf
NULL,NULL,FHLS2534,zjdwemaq
NULL,NULL,OWBY1309,ofecugymw
NULL,NULL,EKNR9471,qdlwjxhzn
NULL,NULL,EDRV2930,sjtaehm
NULL,NULL,FVCI5149,gbejqdw
NULL,NULL,QLKH2308,jdqewstcr
NULL,NULL,LOUY8496,dumkgyoa
NULL,NULL,YEPJ0836,yzlojfb
NULL,NULL,JLUV1796,wfkjavduz
NULL,NULL,FVGO3490,jspzxgd
NULL,NULL,GATM6257,sowxlvz
NULL,NULL,GYFP6073,lwousyje
NULL,NULL,GUSH6037,pytufljev
NULL,NULL,BTHM6803,aqezpvkfw
NULL,NULL,FAJH6012,nwegfpm
NULL,NULL,PTQN5326,gcyzitol
NULL,NULL,GEKC9384,soljdgh
NULL,NULL,IXYD0956,hgdtpukq
NULL,NULL,JUBX2483,dcyuikgb
NULL,NULL,FNTA0135,mkcpujat
NULL,NULL,OUPI4807,mcsbvjh
NULL,NULL,RKQT2157,bxagrwfe
NULL,NULL,KXDW0463,iynfblk
NULL,NULL,RWIM6472,zyartkq
NULL,NULL,QJNH3148,iyslrozmx
NULL,NULL,SBAM5813,hfnxjzov
NULL,NULL,RKUH8713,tvczoea
NULL,NULL,OAHV8495,qcmetngr
NULL,NULL,GASI2795,nmwvigod
NULL,NULL,WPFQ6519,qburepy
NULL,NULL,AVKF6247,uzyqdbpnk
NULL,NULL,KPJO0673,wsbtxdj
NULL,NULL,HSYG0164,drgpkcq
NULL,NULL,BQAN5638,extlzim
NULL,NULL,JDMO3941,ncwdazmo
NULL,NULL,QSEC0216,spezolm
NULL,NULL,XVBJ2937,vtuzxhb
NULL,NULL,NAPI8539,irozaywkc
NULL,NULL,ALKQ5089,wftysbxgd
NULL,NULL,IVSP4701,alrkqjx
NULL,NULL,KSXD7062,pxroqwzug
NULL,NULL,XGPN0261,ndfvzbe
NULL,NULL,OXRJ3106,jionwsgv
NULL,NULL,MATR9315,amvqbrte
NULL,NULL,FEWM7643,runtmch
NULL,NULL,XNRS0156,dczobuar
NULL,NULL,BQIW0183,bkgwozi
NULL,NULL,JNSB0245,fjtvkal
NULL,NULL,DKCB1725,yqnolrt
NULL,NULL,TJMX0984,tbfomgyh
NULL,NULL,CQSD1907,alebxtu
NULL,NULL,YOCA9173,awqlnzt
NULL,NULL,DUNI1753,gshewdb
NULL,NULL,NJGV7152,amlywgs
NULL,NULL,RUST2680,hmyzuxs
NULL,NULL,GQSM5317,novxlmbij
NULL,NULL,DBYE7538,mjpxtzbk
NULL,NULL,UEJL7635,akwebiq
NULL,NULL,FXEP1869,gldauyh
NULL,NULL,DYAH0182,spojwfkt
NULL,NULL,CBQG0457,gjuonescy
NULL,NULL,PROD0519,krloeupt
NULL,NULL,GHTF9265,zcdfvhk
NULL,NULL,XFBE5108,cpdaqxhim
NULL,NULL,FGBI7523,fjduolaq
NULL,NULL,AFTP0719,joxcbnm
NULL,NULL,YFEL9052,rgseycpn
NULL,NULL,JBDO8156,oxsnqpi
NULL,NULL,AQEV5273,gnyejrs
NULL,NULL,CFEI4961,wloecfzj
NULL,NULL,YPFO1845,adkghsc
NULL,NULL,AYGX2018,uswlrhp
NULL,NULL,QVOR5294,reucoplf
NULL,NULL,XFYQ3590,mvefoalrs
NULL,NULL,MYTI5684,pfnbkdivl
NULL,NULL,MHTR7063,pitzqwr
NULL,NULL,BGUE5624,fvkaispu
NULL,NULL,WCLF3174,crxhpayjd
NULL,NULL,GCJX9431,etfbaxjoy
NULL,NULL,ANEI2053,shobeur
NULL,NULL,ATDG1482,olydkvatr
NULL,NULL,QXBT2146,sfkpogv
NULL,NULL,HCJU3092,oijsbluw
NULL,NULL,KQEG1450,lyvqnmo
NULL,NULL,JRFH0251,kbhystinc
NULL,NULL,FCXI7238,gwolszvf
NULL,NULL,REDH1265,aznuijst
NULL,NULL,VMSG0423,bgjnrqdmi
NULL,NULL,REPC9417,sawhrymc
NULL,NULL,XLQM4253,czwnrlyos
NULL,NULL,YILW7851,uzmjsxyw
NULL,NULL,IMLK4360,kiebpdjx
NULL,NULL,KIJS4086,gormtecs
NULL,NULL,EDNJ8621,glwzpcsv
NULL,NULL,GVKU9235,urgthzqi
NULL,NULL,NRTK1790,xlnoiekmc
NULL,NULL,WLOD9641,vciwblxa
NULL,NULL,PFXV6594,pmwushy
NULL,NULL,JBDK5342,abzsynem
NULL,NULL,KYCG4106,kbnifspz
NULL,NULL,NRBL9823,irubzomj
NULL,NULL,VFXJ2507,szlokxc
NULL,NULL,TSLR5734,kbvecujxz
NULL,NULL,NYPB3562,antoxpv
NULL,NULL,XKVH4035,sizatkorq
NULL,NULL,HBFL3056,klrpvbqd
NULL,NULL,KAEM0148,mphogsadr
NULL,NULL,WGKJ3261,igfjhye
NULL,NULL,KOHW8201,ikcalhq
NULL,NULL,QIMJ3560,wadbhges
NULL,NULL,AIWY8356,xfakmiz
NULL,NULL,PYKM6051,kuftqjhpv
NULL,NULL,JWKL0125,gpcotvx
NULL,NULL,AXYV5839,gxzkjls
NULL,NULL,QXGP0497,vtigpujre
NULL,NULL,DNLA9375,hteqwpx
NULL,NULL,UGRH4852,itvopea
NULL,NULL,KYGR6198,exjkwlih
NULL,NULL,SAVE8671,nygwxoilq
NULL,NULL,LSBK3964,yuzqrag
NULL,NULL,KNSE8439,xenmfjs
NULL,NULL,QFOX2875,unwixfgs
NULL,NULL,BNRS4651,nozdvjxr
NULL,NULL,YPUR3614,atikrcjw
NULL,NULL,PAXL3520,uctojrqh
NULL,NULL,ICWT5248,xhyivtf
NULL,NULL,LWCP3586,koalvwtqx
NULL,NULL,PSUL7468,ztciqjd
NULL,NULL,KSUH6924,hbqotkmen
NULL,NULL,PDBX0153,mztyehxor
NULL,NULL,BYGJ0325,veilmugq
NULL,NULL,FQLN4825,omrhyjtbw
NULL,NULL,GWPI3675,nqshrkouf
NULL,NULL,DYHJ6370,enhmpxciu
NULL,NULL,ERJU3612,kvdgaxuh
NULL,NULL,JXQI4639,ouygiqjtd
NULL,NULL,MCUF0924,iudqglr
NULL,NULL,XULM2974,thvucnfo
NULL,NULL,GRXF5476,wjuqslft
NULL,NULL,TMRN5678,uvikzwb
NULL,NULL,FCGV7120,pmrtsdc
NULL,NULL,HDFN4296,zqeknvxt
NULL,NULL,YPAD8934,kgtpflvr
NULL,NULL,AGTV4201,mqlohuk
NULL,NULL,XTDL0481,rilyabk
NULL,NULL,UWCX4571,pcbxkvize
NULL,NULL,TCAV9815,lxrcvfa
NULL,NULL,VYTQ9168,agzptmeoc
NULL,NULL,QTHJ6918,rfscektjy
NULL,NULL,FADH6741,jfcvlze
NULL,NULL,IFQG2015,mlibnkqax
NULL,NULL,BLXS8327,pgtdwae
NULL,NULL,PTWM8361,hvrsykqnd
NULL,NULL,JOPB7415,tfubwcayj
NULL,NULL,DRXE5831,zfqrmuhe
NULL,NULL,FQJY8134,oxzmakyw
NULL,NULL,LHXA3980,bfwaiyczl
NULL,NULL,SACR8241,ydgxflcb
NULL,NULL,QIFB2308,zkgdmen
NULL,NULL,TIDE8973,enbwhtpfk
NULL,NULL,LCJQ7253,xtmykgcdq
NULL,NULL,UWAS7028,olvjbkw
NULL,NULL,JSVW9058,mgzcbfy
NULL,NULL,PFQW0154,caguzhn
NULL,NULL,VPSI3897,micqdvxz
NULL,NULL,LHDP5316,sraiozm
NULL,NULL,SOCQ0951,efrjvia
NULL,NULL,CWLE8072,bwgnixdzf
NULL,NULL,JDWY0671,eirjadb
NULL,NULL,FBMA3718,vgipxbldt
NULL,NULL,ARFJ9530,kgyeabc
NULL,NULL,XHBC8346,jkdrfup
NULL,NULL,VBGF6170,ovnmurhg
NULL,NULL,VWRU9367,rzigfsxjb
NULL,NULL,PACT2046,bhngkxa
NULL,NULL,FLUX8324,gdiyxvql
NULL,NULL,YKNW8132,bnepzhr
NULL,NULL,GBUH3651,wzipsaky
NULL,NULL,WHLY2485,sncaqxgkb
NULL,NULL,OWIV9317,vljoipxhu
NULL,NULL,VRXJ5391,mvylxba
NULL,NULL,MHLU6594,azljrpv
NULL,NULL,MUTE4563,krsqgciy
NULL,NULL,ERPV8419,uirqsyc
NULL,NULL,DXRB8094,lwqbgmaki
NULL,NULL,HDCL4853,rlpzdov
NULL,NULL,VMKL3879,ivmdrbjk
NULL,NULL,BMNP2681,lamwsjo
NULL,NULL,PMWS5647,tubdgsho
NULL,NULL,ERHJ3654,bgmapid
NULL,NULL,VAWO5248,ytqpmodbn
NULL,NULL,IXGQ5921,udnhsgjbf
NULL,NULL,OPQH2564,crmpwulvo
NULL,NULL,MIFG7189,eadwkcbiv
NULL,NULL,NWFI7249,rftogvsy
NULL,NULL,IBEW3587,mupofqtir
NULL,NULL,DRXL7524,dueczgfa
NULL,NULL,UGSY2140,amvbiuwk
NULL,NULL,TUXM4863,cxepgls
NULL,NULL,RJCT5431,pkrabize
NULL,NULL,XYVB0321,tnwegda
NULL,NULL,EOLC2679,vxetyqw
NULL,NULL,WQBM8541,kiogdlvqn
NULL,NULL,EDMU7519,lhxnrovg
NULL,NULL,OTSA5124,lcurzydxf
NULL,NULL,OIUK9024,zkhpoimc
NULL,NULL,EBFA8173,shagcyrj
NULL,NULL,SPRF1296,rqbuygez
NULL,NULL,NIKJ4938,qmeksolgx
NULL,NULL,WHAM8917,judpcsoz
NULL,NULL,GYLP4912,jxankcrid
NULL,NULL,OEQU3512,bklcstnje
NULL,NULL,WERO8641,nezytulgf
NULL,NULL,AXEK9561,ixasbtr
NULL,NULL,RMWN9610,fyotgpdac
NULL,NULL,YMDL7150,htojxkd
NULL,NULL,UBXK0981,xkaborety
NULL,NULL,UKPW6248,jikhwlf
NULL,NULL,KLMR2875,hsqiudlj
NULL,NULL,WSPY1356,sapjtqw
NULL,NULL,BFHR3407,tjhekxy
NULL,NULL,SIHT0521,okzpurwl
NULL,NULL,IMUD7514,bpjoatchq
NULL,NULL,QKVR9683,eoqaspnfm
NULL,NULL,KBNV9418,ibrnlgqu
NULL,NULL,EXGD8712,mjcqgkyd
NULL,NULL,EIQS1905,vkbtxws
NULL,NULL,LPNY3490,piwtxcqv
NULL,NULL,YNMG8012,tlhjqgbwi
NULL,NULL,MSYD3125,vwjqtdp
NULL,NULL,WMYO7209,qzmfilwy
NULL,NULL,JGFV5043,vrgxzuwmd
NULL,NULL,JBTP8329,lbydctjq
NULL,NULL,QXFU5783,ikwpxsmfo
NULL,NULL,SABU2954,gpsmdbakt
NULL,NULL,DTBL3246,bsweyix
NULL,NULL,FHSL5890,uymxlkj
NULL,NULL,KTUD4798,lgrazvt
NULL,NULL,KCVM8602,muzlxnpb
NULL,NULL,EAQP7963,mrlsfhkja
NULL,NULL,WULK2140,bytkpxq
NULL,NULL,GTUJ5712,fgcernvub
NULL,NULL,SDPW6245,nqcowlmgr
NULL,NULL,TCPI2436,yhtzrdl
NULL,NULL,HYBX5248,xdjsyakto
NULL,NULL,EVBQ5437,czrloxgs
NULL,NULL,MQWX5298,dsfxbguky
NULL,NULL,AIYL5940,pcwkevf
NULL,NULL,BOEY2390,bonftce
NULL,NULL,ONIV7920,mptnjye
NULL,NULL,JEQY1746,zaytmgpbi
NULL,NULL,EAYG6058,vomthjub
NULL,NULL,BCLI5826,vneftdjc
NULL,NULL,WODI9136,wbhemagjd
NULL,NULL,ECGN3269,fzqtlojyr
NULL,NULL,TUXR9685,elfxstca
NULL,NULL,IOAQ2315,yztqcsk
NULL,NULL,RDTE5913,ixembpk
NULL,NULL,FOQU2317,ouvqnitpc
NULL,NULL,QAYX9420,sqlindemt
NULL,NULL,BJVD4732,njqlhipz
NULL,NULL,HLDW5071,khbcqmi
NULL,NULL,XHML3651,sonewud
NULL,NULL,HNQM0418,tmbhlvus
NULL,NULL,DJRT6195,ndrahlg
NULL,NULL,ILYR1309,wjqghci
NULL,NULL,KLYT6087,cwtghvam
NULL,NULL,ICLV9617,rweadgjz
NULL,NULL,TMVK3840,gtnfsvjhc
NULL,NULL,RHLO0692,ewtnbur
NULL,NULL,FNRH3492,ohmgclauv
NULL,NULL,CWEN8614,uspoinbkt
NULL,NULL,UCOM9732,yebguoz
NULL,NULL,CIAU6308,phzfsje
NULL,NULL,XUBV8651,nymxuoz
NULL,NULL,JAKN6501,siklrmx
NULL,NULL,YTSJ3502,meaihvt
NULL,NULL,WMFA7194,wrmknebgt
NULL,NULL,RTPO8730,tbpxuaifn
NULL,NULL,XIGM0692,wvadletkx
NULL,NULL,XJGT5671,yroxembd
NULL,NULL,IQRG1654,wxjnvhm
NULL,NULL,IESX8074,mngybjflv
NULL,NULL,XPOS6937,gxjzkqfy
NULL,NULL,RMVI9548,scujikhp
NULL,NULL,MSBK3801,snhebzmt
NULL,NULL,PNEQ6512,ytlrdumb
NULL,NULL,SXFE2471,aeytvxgom
NULL,NULL,SCJK4195,tbfprui
NULL,NULL,YNCI5127,xiyersw
NULL,NULL,YVDA7246,rqsdlwnu
NULL,NULL,CUSX7543,bvmxoisuz
NULL,NULL,RIXJ6570,olrctnfa
NULL,NULL,VGCK2689,qaphbkv
NULL,NULL,PIEJ1528,igwmvfjqb
NULL,NULL,IQFS6835,nklgmxi
NULL,NULL,LVJU0546,fdvlehjgz
NULL,NULL,QKNG6852,gmevirdy
NULL,NULL,AFRH7452,frudexco
NULL,NULL,TDOU2347,foedqhil
NULL,NULL,IAOC6982,pfvbjsadh
NULL,NULL,FBKC6793,cwglbyei
NULL,NULL,TPBQ2591,iuakmgf
NULL,NULL,VKFX9380,rcsdaxml
NULL,NULL,BQWF3160,xpuvldqk
NULL,NULL,KASF4618,fzsaqxbum
NULL,NULL,MJRK4625,hzrsedo
NULL,NULL,SVNA6857,oyizjmnx
NULL,NULL,YWVK9786,rhljofta
NULL,NULL,TGAR3794,ilfgnskx
NULL,NULL,DXLI8159,fuxmqeb
NULL,NULL,RNEC5916,syqlrpxh
NULL,NULL,FDHI6150,ydzcpfqtn
NULL,NULL,PULG8074,bhrejxlo
NULL,NULL,ERDF6423,hzakstdpj
NULL,NULL,NGCW3947,vcenupyi
NULL,NULL,KIQP3598,nxcqtfzl
NULL,NULL,GHBX1592,zwybshea
NULL,NULL,KQVL1867,dnasbtor
NULL,NULL,GQKT6485,okqxghj
NULL,NULL,KVPE1053,gdqknpr
NULL,NULL,AWRH9075,kbegnfd
NULL,NULL,JXUR7206,gwntvqrae
NULL,NULL,IYXF4956,cstvxnulq
NULL,NULL,BTQA1726,xbktuwco
NULL,NULL,UBSQ9420,yxpknfbst
NULL,NULL,AJGS1079,rekmoahj
NULL,NULL,ACMF7364,pnblmcej
NULL,NULL,IVSE5103,jakcuvip
NULL,NULL,YCFO6318,swvyfri
NULL,NULL,DJHF3618,idnbkhz
NULL,NULL,PROI4251,jkibwud
NULL,NULL,GEPL4052,ywcbpvt
NULL,NULL,IWOK2341,rcfnxvmoz
NULL,NULL,GPFY7960,wpeasob
NULL,NULL,ORIB7356,zgyviocql
NULL,NULL,XLDE7465,qyjiabmho
NULL,NULL,MEVL2061,lfcamxj
NULL,NULL,QUKP9324,jfnobpd
NULL,NULL,HXBL7962,rltgkuv
NULL,NULL,XQJL9360,rivswyj
NULL,NULL,USHG5719,lndbqfx
NULL,NULL,NMSU5498,nqzfxskd
NULL,NULL,LWPV4157,tonsrzbga
NULL,NULL,XDTH5890,svercthiy
NULL,NULL,AMVR1278,hairmks
NULL,NULL,YWKU9430,qprslwd
NULL,NULL,AMUO9264,xzlqavyn
NULL,NULL,ICPO1597,uxgqfzk
NULL,NULL,ECKM2364,wryesjd
NULL,NULL,ULJE3791,kmvohyq
NULL,NULL,WFTR9467,nachdwu
NULL,NULL,DOME5049,aubqxtwnk
NULL,NULL,UAOS2058,riqhnacjo
NULL,NULL,DIVK7563,ivbrojms
NULL,NULL,MDYS9026,tkhmsayb
NULL,NULL,WXBR3865,hdxgfntv
NULL,NULL,XBSW1608,kygmoxr
NULL,NULL,VQDN5167,hqayzin
NULL,NULL,VIAH5071,pvqclojwh
NULL,NULL,EORB2473,mxfrkhsgn
NULL,NULL,SITF5819,wirnoaux
NULL,NULL,DVLC2079,aqcwudif
NULL,NULL,YDKP7096,pkfbeals
NULL,NULL,VXTI6187,paoxbsn
NULL,NULL,KIOH2076,kpujolmrx
NULL,NULL,XTRQ7296,rvzmqljfu
NULL,NULL,IMKS5314,xbpzdmuw
NULL,NULL,JGXI6314,ncsyfhpr
NULL,NULL,KLMS2579,bzkhdug
NULL,NULL,WDLM9374,hkwjirpml
NULL,NULL,KWQH8931,cjedfanou
NULL,NULL,IEMU5823,bviardkcz
NULL,NULL,YDJI6875,oazdjny
NULL,NULL,DSNB7164,gtiyzaupv
NULL,NULL,WPGO1635,syxcjlmb
NULL,NULL,OKUA8013,jlfsgoyh
NULL,NULL,QHVL8316,tepgwojx
NULL,NULL,OJLA3079,mqgdnuli
NULL,NULL,QPEH3412,epvjokmdh
NULL,NULL,ACWT5926,vbpwjch
NULL,NULL,UPSB6315,obeqcgxd
NULL,NULL,IPAW1692,pegkazumj
NULL,NULL,UQSJ6804,bfzswupm
NULL,NULL,BVQE2318,ldtehpqa
NULL,NULL,TPGB2398,njlgwfd
NULL,NULL,KNBS0461,elfdyrbn
NULL,NULL,XBAK7369,vmdyaucze
NULL,NULL,DMWR2964,izkdepl
NULL,NULL,LHTB5349,wlnvbargk
NULL,NULL,KCRV0378,gmiyrhzb
NULL,NULL,QLBC5803,vamcnedsj
NULL,NULL,MARX6793,fvkqytx
NULL,NULL,LTFV3014,lxtgmvoud
NULL,NULL,XMYF8351,veltpkf
NULL,NULL,IFOU4207,onwcxae
NULL,NULL,QWMY8170,xjimsoyp
NULL,NULL,TYIP5689,mzafvqjuo
NULL,NULL,SLBK4910,fimbvklna
NULL,NULL,PWQC7139,cevxznrwb
NULL,NULL,EVLB1647,oruqndz
NULL,NULL,CENA6504,epytijr
NULL,NULL,DYGE0273,srzklfocv
NULL,NULL,RVDN7985,xgliyuokj
NULL,NULL,GWBM0394,tmvrnqy
NULL,NULL,JQIG6038,pfnzvkj
NULL,NULL,UDNF5417,gdajytvzi
NULL,NULL,TRKE8215,lhbnzpwid
NULL,NULL,TSNL7635,nwpfybruj
NULL,NULL,YBKI2894,epyodscz
NULL,NULL,VFND9721,zjqrhovs
NULL,NULL,CNVP4689,ybkexaoh
NULL,NULL,FKVY6807,ouvrqhw
NULL,NULL,ATGP6971,mhsjtwbyn
NULL,NULL,FTMD3078,dlgckrpvq
NULL,NULL,XPWH5786,pretzdfax
NULL,NULL,PMLT4095,vzwcsynk
NULL,NULL,IBGE9524,owflvpka
NULL,NULL,VDKL1053,mkryswg
NULL,NULL,IWJS5134,vrjmdawpx
NULL,NULL,GJFL2371,hizstxwv
NULL,NULL,YHTP7935,lytrngi
NULL,NULL,FGDV6573,kaudlsxyf
NULL,NULL,ENLU8365,xyfircdjp
NULL,NULL,JSLB8507,bxwgkmia
NULL,NULL,OABM9860,abkiqzyjr
NULL,NULL,BLFH0635,qkipfxomg
NULL,NULL,QISJ4210,wdbymxicl
NULL,NULL,HVOK2741,krxtlchwo
NULL,NULL,FEHX7569,wyupjxzln
NULL,NULL,KJUQ1542,lhknygv
NULL,NULL,HDRE0175,dypcaxef
NULL,NULL,GPOS7124,tuocerbpg
NULL,NULL,QGXR4067,tlpkoirze
NULL,NULL,UBFR1279,qyuzlxsmp
NULL,NULL,NCKX3984,lsmipudk
NULL,NULL,XGRV4076,axdqsjl
NULL,NULL,FOWJ2038,pvotlzcm
NULL,NULL,BQJN9548,xysudcnwa
NULL,NULL,BYGV7380,aepukqbg
NULL,NULL,SNJB6419,refptmjvo
NULL,NULL,JKMI2940,aqrngivp
NULL,NULL,FWIK4283,tpuhbajwi
NULL,NULL,ICDQ9862,aidrhfn
NULL,NULL,SBFH9786,dcjfhompl
NULL,NULL,JTEC5307,ambojhw
NULL,NULL,OEWA1674,bmrlpugh
NULL,NULL,SJUA1420,oxelwagph
NULL,NULL,DKUH0375,yzbklchte
NULL,NULL,BGDM6905,gozpwqvex
NULL,NULL,MDEA7341,dmkwpztq
NULL,NULL,POGK3256,jxfwauhvk
NULL,NULL,EMAJ3749,iwdktoxm
NULL,NULL,EVMS7983,hmpsynkct
NULL,NULL,BJGE2701,aewgpdnjs
NULL,NULL,TRWA2804,ycnvxbjg
