m730000000@mail.uic.edu.hk,m730000000,Rjaty,2.46
m730000001@mail.uic.edu.hk,m730000001,Mofugcl,3.62
m730000002@mail.uic.edu.hk,m730000002,Rclq,2.99
m730000003@mail.uic.edu.hk,m730000003,Drhvqs,1.24
m730000004@mail.uic.edu.hk,m730000004,Bvntmr,3.53
m730000005@mail.uic.edu.hk,m730000005,Tdlw,3.63
m730000006@mail.uic.edu.hk,m730000006,Oqldswt,3.06
m730000007@mail.uic.edu.hk,m730000007,Mjxqed,3.14
m730000008@mail.uic.edu.hk,m730000008,Prng,3.8
m730000009@mail.uic.edu.hk,m730000009,Oxvfpe,3.74
m730000010@mail.uic.edu.hk,m730000010,Gbsx,2.9
m730000011@mail.uic.edu.hk,m730000011,Jegpqbg,2.67
m730000012@mail.uic.edu.hk,m730000012,Obxmnshe,3.14
m730000013@mail.uic.edu.hk,m730000013,Poiefcg,3.47
m730000014@mail.uic.edu.hk,m730000014,Vuywu,1.05
m730000015@mail.uic.edu.hk,m730000015,Xwmlpl,3.92
m730000016@mail.uic.edu.hk,m730000016,Rfyg,1.53
m730000017@mail.uic.edu.hk,m730000017,Aqyq,1.33
m730000018@mail.uic.edu.hk,m730000018,Qhmhmd,1.12
m730000019@mail.uic.edu.hk,m730000019,Jjiv,3.47
m730000020@mail.uic.edu.hk,m730000020,Vgfnsa,1.52
m730000021@mail.uic.edu.hk,m730000021,Fkjymx,3.94
m730000022@mail.uic.edu.hk,m730000022,Qcaq,3.41
m730000023@mail.uic.edu.hk,m730000023,Uvvxysjg,3.66
m730000024@mail.uic.edu.hk,m730000024,Ysnancr,2.23
m730000025@mail.uic.edu.hk,m730000025,Xihvkrn,1.13
m730000026@mail.uic.edu.hk,m730000026,Qkbaytgx,3.96
m730000027@mail.uic.edu.hk,m730000027,Itjocuks,2.55
m730000028@mail.uic.edu.hk,m730000028,Modxais,1.64
m730000029@mail.uic.edu.hk,m730000029,Xgoxj,3.04
m730000030@mail.uic.edu.hk,m730000030,Wnrnep,3.99
m730000031@mail.uic.edu.hk,m730000031,Qpnglcj,1.53
m730000032@mail.uic.edu.hk,m730000032,Dvml,1.01
m730000033@mail.uic.edu.hk,m730000033,Trtqgxw,2.07
m730000034@mail.uic.edu.hk,m730000034,Yhbro,2.24
m730000035@mail.uic.edu.hk,m730000035,Akdtln,1.79
m730000036@mail.uic.edu.hk,m730000036,Fxckhknb,2.03
m730000037@mail.uic.edu.hk,m730000037,Hhtevo,2.8
m730000038@mail.uic.edu.hk,m730000038,Srafjyqm,1.58
m730000039@mail.uic.edu.hk,m730000039,Sdox,3.19
m730000040@mail.uic.edu.hk,m730000040,Meymq,3.17
m730000041@mail.uic.edu.hk,m730000041,Uwqlfnh,2.03
m730000042@mail.uic.edu.hk,m730000042,Obqvlnnf,2.56
m730000043@mail.uic.edu.hk,m730000043,Mihungv,1.49
m730000044@mail.uic.edu.hk,m730000044,Hgtvw,3.28
m730000045@mail.uic.edu.hk,m730000045,Kaxqt,2.31
m730000046@mail.uic.edu.hk,m730000046,Odyeku,3.3
m730000047@mail.uic.edu.hk,m730000047,Nywss,2.22
m730000048@mail.uic.edu.hk,m730000048,Iqca,1.83
m730000049@mail.uic.edu.hk,m730000049,Oyjywjiu,1.51
m730000050@mail.uic.edu.hk,m730000050,Scxuns,2.15
m730000051@mail.uic.edu.hk,m730000051,Cfnc,3.14
m730000052@mail.uic.edu.hk,m730000052,Casyxwlg,3.21
m730000053@mail.uic.edu.hk,m730000053,Fsagrr,3.63
m730000054@mail.uic.edu.hk,m730000054,Oamkn,3.54
m730000055@mail.uic.edu.hk,m730000055,Ukil,2.32
m730000056@mail.uic.edu.hk,m730000056,Rkapt,3.87
m730000057@mail.uic.edu.hk,m730000057,Tabticvq,3.31
m730000058@mail.uic.edu.hk,m730000058,Bjsotca,1.8
m730000059@mail.uic.edu.hk,m730000059,Bkhu,3.48
m730000060@mail.uic.edu.hk,m730000060,Csioj,2.92
m730000061@mail.uic.edu.hk,m730000061,Pmcya,3.3
m730000062@mail.uic.edu.hk,m730000062,Dxucmxvm,3.7
m730000063@mail.uic.edu.hk,m730000063,Aokc,3.31
m730000064@mail.uic.edu.hk,m730000064,Blvl,2.21
m730000065@mail.uic.edu.hk,m730000065,Upynnpb,2.47
m730000066@mail.uic.edu.hk,m730000066,Anidphca,3.02
m730000067@mail.uic.edu.hk,m730000067,Dkhycinm,2.12
m730000068@mail.uic.edu.hk,m730000068,Kdsj,1.37
m730000069@mail.uic.edu.hk,m730000069,Lekg,1.91
m730000070@mail.uic.edu.hk,m730000070,Xkgq,3.12
m730000071@mail.uic.edu.hk,m730000071,Bhmvtl,3.45
m730000072@mail.uic.edu.hk,m730000072,Rmrvkq,1.69
m730000073@mail.uic.edu.hk,m730000073,Epjhvfdm,1.47
m730000074@mail.uic.edu.hk,m730000074,Ewhthnhi,1.33
m730000075@mail.uic.edu.hk,m730000075,Rxan,1.59
m730000076@mail.uic.edu.hk,m730000076,Elqaja,1.43
m730000077@mail.uic.edu.hk,m730000077,Bjfi,2.06
m730000078@mail.uic.edu.hk,m730000078,Ebsjmjg,1.56
m730000079@mail.uic.edu.hk,m730000079,Fmxga,3.35
m730000080@mail.uic.edu.hk,m730000080,Ffrml,1.4
m730000081@mail.uic.edu.hk,m730000081,Dcsvxpna,3.58
m730000082@mail.uic.edu.hk,m730000082,Krhmutg,2.43
m730000083@mail.uic.edu.hk,m730000083,Kpwopud,1.81
m730000084@mail.uic.edu.hk,m730000084,Ptikj,3.48
m730000085@mail.uic.edu.hk,m730000085,Ogde,1.14
m730000086@mail.uic.edu.hk,m730000086,Rwyglcr,1.39
m730000087@mail.uic.edu.hk,m730000087,Pnybcpin,1.14
m730000088@mail.uic.edu.hk,m730000088,Brjudcja,1.83
m730000089@mail.uic.edu.hk,m730000089,Umwedvn,1.99
m730000090@mail.uic.edu.hk,m730000090,Kvoport,2.08
m730000091@mail.uic.edu.hk,m730000091,Eshaf,3.47
m730000092@mail.uic.edu.hk,m730000092,Dwxwjxvo,3.31
m730000093@mail.uic.edu.hk,m730000093,Umvd,1.77
m730000094@mail.uic.edu.hk,m730000094,Tkotpp,2.93
m730000095@mail.uic.edu.hk,m730000095,Subxhwc,3.79
m730000096@mail.uic.edu.hk,m730000096,Nbdx,1.93
m730000097@mail.uic.edu.hk,m730000097,Tppd,1.19
m730000098@mail.uic.edu.hk,m730000098,Nsmjny,2.05
m730000099@mail.uic.edu.hk,m730000099,Rikvien,1.17
m730000100@mail.uic.edu.hk,m730000100,Ysfu,1.4
m730000101@mail.uic.edu.hk,m730000101,Likbkn,2.16
m730000102@mail.uic.edu.hk,m730000102,Yxxjhqtf,1.3
m730000103@mail.uic.edu.hk,m730000103,Lafby,2.14
m730000104@mail.uic.edu.hk,m730000104,Poranrvx,1.39
m730000105@mail.uic.edu.hk,m730000105,Gxeef,1.2
m730000106@mail.uic.edu.hk,m730000106,Aspllq,2.48
m730000107@mail.uic.edu.hk,m730000107,Gclnhfpg,1.1
m730000108@mail.uic.edu.hk,m730000108,Almlp,1.63
m730000109@mail.uic.edu.hk,m730000109,Jsdqci,2.2
m730000110@mail.uic.edu.hk,m730000110,Edjdgxy,2.27
m730000111@mail.uic.edu.hk,m730000111,Jdafsia,1.15
m730000112@mail.uic.edu.hk,m730000112,Odbsj,1.87
m730000113@mail.uic.edu.hk,m730000113,Oxhdy,1.79
m730000114@mail.uic.edu.hk,m730000114,Xgtdji,2.33
m730000115@mail.uic.edu.hk,m730000115,Duger,2.02
m730000116@mail.uic.edu.hk,m730000116,Xownmkl,1.61
m730000117@mail.uic.edu.hk,m730000117,Ljsptmt,2.75
m730000118@mail.uic.edu.hk,m730000118,Vorp,3.26
m730000119@mail.uic.edu.hk,m730000119,Fomn,3.47
m730000120@mail.uic.edu.hk,m730000120,Kkjyfpbq,1.65
m730000121@mail.uic.edu.hk,m730000121,Kxxnchgo,2.94
m730000122@mail.uic.edu.hk,m730000122,Qpxndjd,2.14
m730000123@mail.uic.edu.hk,m730000123,Kyvir,1.91
m730000124@mail.uic.edu.hk,m730000124,Sabe,3.9
m730000125@mail.uic.edu.hk,m730000125,Jslfqyr,1.2
m730000126@mail.uic.edu.hk,m730000126,Ovfbqqbq,1.58
m730000127@mail.uic.edu.hk,m730000127,Oplvm,1.27
m730000128@mail.uic.edu.hk,m730000128,Jpcxyqum,2.37
m730000129@mail.uic.edu.hk,m730000129,Gssch,3.38
m730000130@mail.uic.edu.hk,m730000130,Mlfoj,2.94
m730000131@mail.uic.edu.hk,m730000131,Psvce,3.49
m730000132@mail.uic.edu.hk,m730000132,Xqmgooi,3.38
m730000133@mail.uic.edu.hk,m730000133,Uctenxsq,1.41
m730000134@mail.uic.edu.hk,m730000134,Lvmiiwv,3.66
m730000135@mail.uic.edu.hk,m730000135,Awichx,2.14
m730000136@mail.uic.edu.hk,m730000136,Adycxh,2.16
m730000137@mail.uic.edu.hk,m730000137,Amrl,2.14
m730000138@mail.uic.edu.hk,m730000138,Wdbqfya,2.71
m730000139@mail.uic.edu.hk,m730000139,Upkwmfar,2.07
m730000140@mail.uic.edu.hk,m730000140,Xvovntnn,1.81
m730000141@mail.uic.edu.hk,m730000141,Vapd,2.96
m730000142@mail.uic.edu.hk,m730000142,Fohm,2.95
m730000143@mail.uic.edu.hk,m730000143,Ytfxaiak,1.61
m730000144@mail.uic.edu.hk,m730000144,Mdslo,2.23
m730000145@mail.uic.edu.hk,m730000145,Ykfme,2.8
m730000146@mail.uic.edu.hk,m730000146,Ouisgkc,2.44
m730000147@mail.uic.edu.hk,m730000147,Tbbvwy,2.72
m730000148@mail.uic.edu.hk,m730000148,Tslqotpf,3.04
m730000149@mail.uic.edu.hk,m730000149,Apjoq,3.2
m730000150@mail.uic.edu.hk,m730000150,Jauxolws,3.37
m730000151@mail.uic.edu.hk,m730000151,Sbkwy,1.46
m730000152@mail.uic.edu.hk,m730000152,Chqu,2.26
m730000153@mail.uic.edu.hk,m730000153,Ocfkywvw,2.71
m730000154@mail.uic.edu.hk,m730000154,Ofutas,2.87
m730000155@mail.uic.edu.hk,m730000155,Mwodm,2.98
m730000156@mail.uic.edu.hk,m730000156,Ipixjj,2.29
m730000157@mail.uic.edu.hk,m730000157,Tiugq,1.41
m730000158@mail.uic.edu.hk,m730000158,Rmhgyw,1.13
m730000159@mail.uic.edu.hk,m730000159,Wgbixxh,3.29
m730000160@mail.uic.edu.hk,m730000160,Ulhgp,2.56
m730000161@mail.uic.edu.hk,m730000161,Lctsjcss,1.55
m730000162@mail.uic.edu.hk,m730000162,Idcbv,3.71
m730000163@mail.uic.edu.hk,m730000163,Dciuik,3.8
m730000164@mail.uic.edu.hk,m730000164,Snbadl,2.1
m730000165@mail.uic.edu.hk,m730000165,Retgprns,3.21
m730000166@mail.uic.edu.hk,m730000166,Wfbrcc,1.84
m730000167@mail.uic.edu.hk,m730000167,Ogpxmx,3.55
m730000168@mail.uic.edu.hk,m730000168,Tcrk,2.51
m730000169@mail.uic.edu.hk,m730000169,Bmudbin,2.87
m730000170@mail.uic.edu.hk,m730000170,Lrkwdjq,2.57
m730000171@mail.uic.edu.hk,m730000171,Rpnghao,3.21
m730000172@mail.uic.edu.hk,m730000172,Lnghdok,2.22
m730000m73@mail.uic.edu.hk,m730000m73,Llik,2.39
m730000174@mail.uic.edu.hk,m730000174,Dripqkk,1.45
m730000175@mail.uic.edu.hk,m730000175,Rhdctt,1.4
m730000176@mail.uic.edu.hk,m730000176,Cwhkiow,1.98
m730000177@mail.uic.edu.hk,m730000177,Pqoamxxb,2.26
m730000178@mail.uic.edu.hk,m730000178,Qaepwtf,1.86
m730000179@mail.uic.edu.hk,m730000179,Tpmya,2.56
m730000180@mail.uic.edu.hk,m730000180,Rsclkjp,1.34
m730000181@mail.uic.edu.hk,m730000181,Epfq,1.03
m730000182@mail.uic.edu.hk,m730000182,Ydev,3.52
m730000183@mail.uic.edu.hk,m730000183,Suwbbph,1.96
m730000184@mail.uic.edu.hk,m730000184,Sojyywfi,2.89
m730000185@mail.uic.edu.hk,m730000185,Cduhvyw,3.74
m730000186@mail.uic.edu.hk,m730000186,Lgpniqhc,2.75
m730000187@mail.uic.edu.hk,m730000187,Nmvkpeyl,3.76
m730000188@mail.uic.edu.hk,m730000188,Hmjprgu,2.28
m730000189@mail.uic.edu.hk,m730000189,Yxifvu,1.64
m730000190@mail.uic.edu.hk,m730000190,Ddeic,3.67
m730000191@mail.uic.edu.hk,m730000191,Egudbd,1.33
m730000192@mail.uic.edu.hk,m730000192,Psiwseos,3.11
m730000193@mail.uic.edu.hk,m730000193,Xwxbl,3.98
m730000194@mail.uic.edu.hk,m730000194,Creqy,2.26
m730000195@mail.uic.edu.hk,m730000195,Mvsqpyhp,1.14
m730000196@mail.uic.edu.hk,m730000196,Bmbmf,1.64
m730000197@mail.uic.edu.hk,m730000197,Fwppnldd,1.88
m730000198@mail.uic.edu.hk,m730000198,Lwuu,2.11
m730000199@mail.uic.edu.hk,m730000199,Ayipohhh,3.34
m730000200@mail.uic.edu.hk,m730000200,Whkqgm,2.42
m730000201@mail.uic.edu.hk,m730000201,Vnbwivbj,1.87
m730000202@mail.uic.edu.hk,m730000202,Qlfdok,3.63
m730000203@mail.uic.edu.hk,m730000203,Xdlghf,1.47
m730000204@mail.uic.edu.hk,m730000204,Cvvgv,2.12
m730000205@mail.uic.edu.hk,m730000205,Yskbyj,1.35
m730000206@mail.uic.edu.hk,m730000206,Dwksndhw,1.5
m730000207@mail.uic.edu.hk,m730000207,Dably,1.87
m730000208@mail.uic.edu.hk,m730000208,Qxluxya,3.22
m730000209@mail.uic.edu.hk,m730000209,Myksp,1.88
m730000210@mail.uic.edu.hk,m730000210,Gmbgwpvf,1.16
m730000211@mail.uic.edu.hk,m730000211,Oupgis,2.81
m730000212@mail.uic.edu.hk,m730000212,Xgvqvwu,3.5
m730000213@mail.uic.edu.hk,m730000213,Njjtdrpb,1.09
m730000214@mail.uic.edu.hk,m730000214,Gdwspyk,1.46
m730000215@mail.uic.edu.hk,m730000215,Ukvnpksf,3.65
m730000216@mail.uic.edu.hk,m730000216,Mtlhkc,1.63
m730000217@mail.uic.edu.hk,m730000217,Cvssk,3.84
m730000218@mail.uic.edu.hk,m730000218,Ecgsw,2.85
m730000219@mail.uic.edu.hk,m730000219,Rmnn,3.21
m730000220@mail.uic.edu.hk,m730000220,Wgsjmlsr,3.94
m730000221@mail.uic.edu.hk,m730000221,Wpdeju,3.1
m730000222@mail.uic.edu.hk,m730000222,Ogwgg,1.79
m730000223@mail.uic.edu.hk,m730000223,Ffslnsb,1.67
m730000224@mail.uic.edu.hk,m730000224,Spgienjd,3.58
m730000225@mail.uic.edu.hk,m730000225,Pyuk,2.84
m730000226@mail.uic.edu.hk,m730000226,Favij,3.94
m730000227@mail.uic.edu.hk,m730000227,Hfpamk,3.91
m730000228@mail.uic.edu.hk,m730000228,Lwci,3.23
m730000229@mail.uic.edu.hk,m730000229,Bisp,1.98
m730000230@mail.uic.edu.hk,m730000230,Xwfkwahf,3.79
m730000231@mail.uic.edu.hk,m730000231,Ngspv,2.08
m730000232@mail.uic.edu.hk,m730000232,Mlfmsrvw,2.84
m730000233@mail.uic.edu.hk,m730000233,Ssroapk,2.24
m730000234@mail.uic.edu.hk,m730000234,Udpeyfql,2.3
m730000235@mail.uic.edu.hk,m730000235,Diemrd,1.73
m730000236@mail.uic.edu.hk,m730000236,Ostn,3.65
m730000237@mail.uic.edu.hk,m730000237,Otufwt,1.11
m730000238@mail.uic.edu.hk,m730000238,Bxpep,3.33
m730000239@mail.uic.edu.hk,m730000239,Vuvu,2.11
m730000240@mail.uic.edu.hk,m730000240,Fdegmkmv,1.45
m730000241@mail.uic.edu.hk,m730000241,Kespmpb,1.19
m730000242@mail.uic.edu.hk,m730000242,Rtjvhx,3.09
m730000243@mail.uic.edu.hk,m730000243,Sntwnd,2.39
m730000244@mail.uic.edu.hk,m730000244,Xpebc,3.57
m730000245@mail.uic.edu.hk,m730000245,Vnbnvp,3.44
m730000246@mail.uic.edu.hk,m730000246,Kuqw,2.54
m730000247@mail.uic.edu.hk,m730000247,Pfsne,2.25
m730000248@mail.uic.edu.hk,m730000248,Ewhuntp,2.35
m730000249@mail.uic.edu.hk,m730000249,Exadygfi,3.24
m730000250@mail.uic.edu.hk,m730000250,Fvmufqao,1.62
m730000251@mail.uic.edu.hk,m730000251,Kwjfyim,3.93
m730000252@mail.uic.edu.hk,m730000252,Wsfj,3.02
m730000253@mail.uic.edu.hk,m730000253,Gjaht,2.54
m730000254@mail.uic.edu.hk,m730000254,Jeeirl,3.23
m730000255@mail.uic.edu.hk,m730000255,Mdtcmqg,3.59
m730000256@mail.uic.edu.hk,m730000256,Bshl,2.62
m730000257@mail.uic.edu.hk,m730000257,Hjyt,3.3
m730000258@mail.uic.edu.hk,m730000258,Qbepy,3.25
m730000259@mail.uic.edu.hk,m730000259,Ompos,2.41
m730000260@mail.uic.edu.hk,m730000260,Gdfbeuo,1.43
m730000261@mail.uic.edu.hk,m730000261,Iopvsbw,3.09
m730000262@mail.uic.edu.hk,m730000262,Gydqxsj,2.47
m730000263@mail.uic.edu.hk,m730000263,Chcqmvqm,2.49
m730000264@mail.uic.edu.hk,m730000264,Qpmk,2.69
m730000265@mail.uic.edu.hk,m730000265,Chko,3.08
m730000266@mail.uic.edu.hk,m730000266,Nwuqknnl,3.79
m730000267@mail.uic.edu.hk,m730000267,Arornw,1.4
m730000268@mail.uic.edu.hk,m730000268,Yxbdxb,2.02
m730000269@mail.uic.edu.hk,m730000269,Irgfg,1.05
m730000270@mail.uic.edu.hk,m730000270,Aggutqdn,2.88
m730000271@mail.uic.edu.hk,m730000271,Twqi,1.36
m730000272@mail.uic.edu.hk,m730000272,Rtae,3.4
m730000273@mail.uic.edu.hk,m730000273,Hisp,3.95
m730000274@mail.uic.edu.hk,m730000274,Iwvl,3.74
m730000275@mail.uic.edu.hk,m730000275,Qiwciec,1.76
m730000276@mail.uic.edu.hk,m730000276,Cswu,2.78
m730000277@mail.uic.edu.hk,m730000277,Lrtyndr,3.89
m730000278@mail.uic.edu.hk,m730000278,Wtufn,3.71
m730000279@mail.uic.edu.hk,m730000279,Lkxe,3.47
m730000280@mail.uic.edu.hk,m730000280,Cteecyy,2.38
m730000281@mail.uic.edu.hk,m730000281,Tyspncxu,2.37
m730000282@mail.uic.edu.hk,m730000282,Ltxxdc,1.06
m730000283@mail.uic.edu.hk,m730000283,Swnnjaw,1.71
m730000284@mail.uic.edu.hk,m730000284,Rbfcq,1.67
m730000285@mail.uic.edu.hk,m730000285,Upxxekh,2.11
m730000286@mail.uic.edu.hk,m730000286,Cmuuwx,2.63
m730000287@mail.uic.edu.hk,m730000287,Nrrrx,1.33
m730000288@mail.uic.edu.hk,m730000288,Pohtgdfd,3.82
m730000289@mail.uic.edu.hk,m730000289,Cfwohudg,3.74
m730000290@mail.uic.edu.hk,m730000290,Cvlj,3.99
m730000291@mail.uic.edu.hk,m730000291,Imsf,1.73
m730000292@mail.uic.edu.hk,m730000292,Hdlpmhw,3.51
m730000293@mail.uic.edu.hk,m730000293,Prpdqil,1.45
m730000294@mail.uic.edu.hk,m730000294,Lbpb,3.25
m730000295@mail.uic.edu.hk,m730000295,Wiaivagm,1.2
m730000296@mail.uic.edu.hk,m730000296,Yeenaf,2.14
m730000297@mail.uic.edu.hk,m730000297,Fpdjwxk,2.25
m730000298@mail.uic.edu.hk,m730000298,Gors,1.75
m730000299@mail.uic.edu.hk,m730000299,Vnunb,2.73
m730000300@mail.uic.edu.hk,m730000300,Vkciif,1.24
m730000301@mail.uic.edu.hk,m730000301,Bjjsx,2.66
m730000302@mail.uic.edu.hk,m730000302,Simdpl,3.7
m730000303@mail.uic.edu.hk,m730000303,Cxoxewy,3.61
m730000304@mail.uic.edu.hk,m730000304,Axylyxsg,2.6
m730000305@mail.uic.edu.hk,m730000305,Jkrqs,1.47
m730000306@mail.uic.edu.hk,m730000306,Dixjr,1.41
m730000307@mail.uic.edu.hk,m730000307,Tflopcs,1.05
m730000308@mail.uic.edu.hk,m730000308,Yugioijo,2.44
m730000309@mail.uic.edu.hk,m730000309,Soab,3.07
m730000310@mail.uic.edu.hk,m730000310,Qmpubuq,3.81
m730000311@mail.uic.edu.hk,m730000311,Jmikp,1.17
m730000312@mail.uic.edu.hk,m730000312,Fgdcc,1.42
m730000313@mail.uic.edu.hk,m730000313,Pwhkdvod,2.67
m730000314@mail.uic.edu.hk,m730000314,Pkud,1.46
m730000315@mail.uic.edu.hk,m730000315,Ucxj,3.94
m730000316@mail.uic.edu.hk,m730000316,Ljbm,3.32
m730000317@mail.uic.edu.hk,m730000317,Pgvfkuha,2.14
m730000318@mail.uic.edu.hk,m730000318,Mmxfmrr,3.88
m730000319@mail.uic.edu.hk,m730000319,Vdgpoi,2.41
m730000320@mail.uic.edu.hk,m730000320,Tyuw,3.12
m730000321@mail.uic.edu.hk,m730000321,Wxfnwr,3.94
m730000322@mail.uic.edu.hk,m730000322,Cajbdht,1.96
m730000323@mail.uic.edu.hk,m730000323,Onvbnca,3.06
m730000324@mail.uic.edu.hk,m730000324,Almcx,3.98
m730000325@mail.uic.edu.hk,m730000325,Qmhsjtjv,2.79
m730000326@mail.uic.edu.hk,m730000326,Scthqqo,2.42
m730000327@mail.uic.edu.hk,m730000327,Weqp,2.33
m730000328@mail.uic.edu.hk,m730000328,Hjacs,2.75
m730000329@mail.uic.edu.hk,m730000329,Xcxyyyik,2.59
m730000330@mail.uic.edu.hk,m730000330,Mejj,3.91
m730000331@mail.uic.edu.hk,m730000331,Kaysfmp,2.33
m730000332@mail.uic.edu.hk,m730000332,Cjepjq,1.1
m730000333@mail.uic.edu.hk,m730000333,Jprx,1.26
m730000334@mail.uic.edu.hk,m730000334,Vywbeti,2.88
m730000335@mail.uic.edu.hk,m730000335,Sqcnats,3.72
m730000336@mail.uic.edu.hk,m730000336,Ogihdomo,3.99
m730000337@mail.uic.edu.hk,m730000337,Cenq,1.52
m730000338@mail.uic.edu.hk,m730000338,Cvevgj,2.91
m730000339@mail.uic.edu.hk,m730000339,Lilekrr,2.08
m730000340@mail.uic.edu.hk,m730000340,Usdmn,3.27
m730000341@mail.uic.edu.hk,m730000341,Jpglm,2.55
m730000342@mail.uic.edu.hk,m730000342,Bnuyhhjb,1.31
m730000343@mail.uic.edu.hk,m730000343,Iqpnmfks,2.19
m730000344@mail.uic.edu.hk,m730000344,Bsxqba,2.58
m730000345@mail.uic.edu.hk,m730000345,Ltdehr,2.76
m730000346@mail.uic.edu.hk,m730000346,Rutwhtf,3.51
m730000347@mail.uic.edu.hk,m730000347,Mjhnkvv,2.16
m730000348@mail.uic.edu.hk,m730000348,Oxeoqm,3.9
m730000349@mail.uic.edu.hk,m730000349,Uoqwik,3.87
m730000350@mail.uic.edu.hk,m730000350,Qjlm,2.02
m730000351@mail.uic.edu.hk,m730000351,Rugnce,3.24
m730000352@mail.uic.edu.hk,m730000352,Ktgnrbx,1.69
m730000353@mail.uic.edu.hk,m730000353,Dhtq,1.99
m730000354@mail.uic.edu.hk,m730000354,Hnkwsf,3.23
m730000355@mail.uic.edu.hk,m730000355,Bobrjuv,2.56
m730000356@mail.uic.edu.hk,m730000356,Eqsoaama,3.98
m730000357@mail.uic.edu.hk,m730000357,Escol,2.33
m730000358@mail.uic.edu.hk,m730000358,Jtlnev,2.02
m730000359@mail.uic.edu.hk,m730000359,Hfxoyvm,3.48
m730000360@mail.uic.edu.hk,m730000360,Lrqhxlq,3.16
m730000361@mail.uic.edu.hk,m730000361,Xtqa,2.94
m730000362@mail.uic.edu.hk,m730000362,Rouqlr,2.64
m730000363@mail.uic.edu.hk,m730000363,Jxgdtqi,1.45
m730000364@mail.uic.edu.hk,m730000364,Cfhg,2.25
m730000365@mail.uic.edu.hk,m730000365,Qmvc,1.5
m730000366@mail.uic.edu.hk,m730000366,Nvwprlhf,3.18
m730000367@mail.uic.edu.hk,m730000367,Fpfau,1.81
m730000368@mail.uic.edu.hk,m730000368,Xleogt,3.22
m730000369@mail.uic.edu.hk,m730000369,Stjc,3.46
m730000370@mail.uic.edu.hk,m730000370,Eqavdifs,1.36
m730000371@mail.uic.edu.hk,m730000371,Ewkteive,2.46
m730000372@mail.uic.edu.hk,m730000372,Jqvnqik,2.74
m730000373@mail.uic.edu.hk,m730000373,Lkihmgde,1.86
m730000374@mail.uic.edu.hk,m730000374,Ntipuq,2.27
m730000375@mail.uic.edu.hk,m730000375,Hrjdkiss,3.65
m730000376@mail.uic.edu.hk,m730000376,Bptmy,3.08
m730000377@mail.uic.edu.hk,m730000377,Burrrm,1.93
m730000378@mail.uic.edu.hk,m730000378,Vkodjlt,3.74
m730000379@mail.uic.edu.hk,m730000379,Tusrmo,2.08
m730000380@mail.uic.edu.hk,m730000380,Tfnlns,3.61
m730000381@mail.uic.edu.hk,m730000381,Umgvjxs,1.25
m730000382@mail.uic.edu.hk,m730000382,Ekcip,1.35
m730000383@mail.uic.edu.hk,m730000383,Crpraa,1
m730000384@mail.uic.edu.hk,m730000384,Ekfgu,3.39
m730000385@mail.uic.edu.hk,m730000385,Wcellef,1.1
m730000386@mail.uic.edu.hk,m730000386,Vkdsafv,1.25
m730000387@mail.uic.edu.hk,m730000387,Agpjpl,1.05
m730000388@mail.uic.edu.hk,m730000388,Opvmmcg,3.07
m730000389@mail.uic.edu.hk,m730000389,Hxguahbs,1.8
m730000390@mail.uic.edu.hk,m730000390,Tgaeab,1.94
m730000391@mail.uic.edu.hk,m730000391,Bxsqfus,1.04
m730000392@mail.uic.edu.hk,m730000392,Denenet,3.55
m730000393@mail.uic.edu.hk,m730000393,Cmcprxwx,3.65
m730000394@mail.uic.edu.hk,m730000394,Xuwiils,2.32
m730000395@mail.uic.edu.hk,m730000395,Ckdgf,2.94
m730000396@mail.uic.edu.hk,m730000396,Tpdfjdu,2.35
m730000397@mail.uic.edu.hk,m730000397,Kastikx,3.78
m730000398@mail.uic.edu.hk,m730000398,Gkwhbg,1.82
m730000399@mail.uic.edu.hk,m730000399,Vcms,2.71
m730000400@mail.uic.edu.hk,m730000400,Uvdrlej,2.13
m730000401@mail.uic.edu.hk,m730000401,Fljibgq,1.26
m730000402@mail.uic.edu.hk,m730000402,Ctjysky,1.32
m730000403@mail.uic.edu.hk,m730000403,Rcfvlo,1.18
m730000404@mail.uic.edu.hk,m730000404,Ajdgcd,2.2
m730000405@mail.uic.edu.hk,m730000405,Lasu,2.95
m730000406@mail.uic.edu.hk,m730000406,Egsq,3.91
m730000407@mail.uic.edu.hk,m730000407,Anxmshv,3.39
m730000408@mail.uic.edu.hk,m730000408,Tvswl,3.84
m730000409@mail.uic.edu.hk,m730000409,Iwup,2.14
m730000410@mail.uic.edu.hk,m730000410,Nevwaq,3.78
m730000411@mail.uic.edu.hk,m730000411,Anyeu,3.9
m730000412@mail.uic.edu.hk,m730000412,Srmpeqaj,1.42
m730000413@mail.uic.edu.hk,m730000413,Hvrs,3.2
m730000414@mail.uic.edu.hk,m730000414,Dssola,1.14
m730000415@mail.uic.edu.hk,m730000415,Xartexd,3.71
m730000416@mail.uic.edu.hk,m730000416,Vblenv,2.71
m730000417@mail.uic.edu.hk,m730000417,Ygdr,3.59
m730000418@mail.uic.edu.hk,m730000418,Qqrvsmvm,3.23
m730000419@mail.uic.edu.hk,m730000419,Twbdress,2.48
m730000420@mail.uic.edu.hk,m730000420,Mutsa,3.85
m730000421@mail.uic.edu.hk,m730000421,Yjjyoudh,3.67
m730000422@mail.uic.edu.hk,m730000422,Onbtpr,1.91
m730000423@mail.uic.edu.hk,m730000423,Jcltxmw,2.11
m730000424@mail.uic.edu.hk,m730000424,Cxshvts,2.14
m730000425@mail.uic.edu.hk,m730000425,Ejsulsrx,2.81
m730000426@mail.uic.edu.hk,m730000426,Psyyyoxt,2.63
m730000427@mail.uic.edu.hk,m730000427,Inlc,3.81
m730000428@mail.uic.edu.hk,m730000428,Ynugugv,1.84
m730000429@mail.uic.edu.hk,m730000429,Ihwhn,1.6
m730000430@mail.uic.edu.hk,m730000430,Ggogubx,3.78
m730000431@mail.uic.edu.hk,m730000431,Wlqg,1.63
m730000432@mail.uic.edu.hk,m730000432,Bftsqud,1.55
m730000433@mail.uic.edu.hk,m730000433,Okcy,2.08
m730000434@mail.uic.edu.hk,m730000434,Rcfcl,1.93
m730000435@mail.uic.edu.hk,m730000435,Eloipak,3.27
m730000436@mail.uic.edu.hk,m730000436,Vamwewlc,1.81
m730000437@mail.uic.edu.hk,m730000437,Ukcbw,1.42
m730000438@mail.uic.edu.hk,m730000438,Kswqq,3.09
m730000439@mail.uic.edu.hk,m730000439,Anvot,1.8
m730000440@mail.uic.edu.hk,m730000440,Cinvl,1.52
m730000441@mail.uic.edu.hk,m730000441,Dewyfu,1.71
m730000442@mail.uic.edu.hk,m730000442,Btcqwk,3.2
m730000443@mail.uic.edu.hk,m730000443,Jetjg,3.69
m730000444@mail.uic.edu.hk,m730000444,Pqkw,3.17
m730000445@mail.uic.edu.hk,m730000445,Cyfl,1.66
m730000446@mail.uic.edu.hk,m730000446,Scfm,2.56
m730000447@mail.uic.edu.hk,m730000447,Daeonp,2.04
m730000448@mail.uic.edu.hk,m730000448,Pywh,3.65
m730000449@mail.uic.edu.hk,m730000449,Mkyrnmhi,1.34
m730000450@mail.uic.edu.hk,m730000450,Miaoihsk,2.45
m730000451@mail.uic.edu.hk,m730000451,Qhmjybt,1.18
m730000452@mail.uic.edu.hk,m730000452,Rpmmk,1.4
m730000453@mail.uic.edu.hk,m730000453,Npwc,2.02
m730000454@mail.uic.edu.hk,m730000454,Didlyjay,3.48
m730000455@mail.uic.edu.hk,m730000455,Yrewfnmx,1.87
m730000456@mail.uic.edu.hk,m730000456,Wdww,1.75
m730000457@mail.uic.edu.hk,m730000457,Rggwfl,3.63
m730000458@mail.uic.edu.hk,m730000458,Pxkwjrav,3.15
m730000459@mail.uic.edu.hk,m730000459,Nrdurmg,3.63
m730000460@mail.uic.edu.hk,m730000460,Sfvjyep,3.78
m730000461@mail.uic.edu.hk,m730000461,Jryal,3.91
m730000462@mail.uic.edu.hk,m730000462,Sncmvj,1.44
m730000463@mail.uic.edu.hk,m730000463,Pjpl,3.64
m730000464@mail.uic.edu.hk,m730000464,Tlmqs,3.83
m730000465@mail.uic.edu.hk,m730000465,Tckap,1.79
m730000466@mail.uic.edu.hk,m730000466,Ssge,2.01
m730000467@mail.uic.edu.hk,m730000467,Alfqu,3.68
m730000468@mail.uic.edu.hk,m730000468,Dleaxo,2.55
m730000469@mail.uic.edu.hk,m730000469,Aeiq,3.45
m730000470@mail.uic.edu.hk,m730000470,Ugng,3.16
m730000471@mail.uic.edu.hk,m730000471,Hdyyf,1.85
m730000472@mail.uic.edu.hk,m730000472,Hivr,1.84
m730000473@mail.uic.edu.hk,m730000473,Hjvmco,2.86
m730000474@mail.uic.edu.hk,m730000474,Goal,2.95
m730000475@mail.uic.edu.hk,m730000475,Webmb,3.49
m730000476@mail.uic.edu.hk,m730000476,Unmtlf,2.8
m730000477@mail.uic.edu.hk,m730000477,Glwoipc,3.68
m730000478@mail.uic.edu.hk,m730000478,Thjwcan,3.54
m730000479@mail.uic.edu.hk,m730000479,Rolvb,2.66
m730000480@mail.uic.edu.hk,m730000480,Iltwexcf,3.87
m730000481@mail.uic.edu.hk,m730000481,Pqgexc,1.77
m730000482@mail.uic.edu.hk,m730000482,Hpqnton,2.66
m730000483@mail.uic.edu.hk,m730000483,Vionm,2.78
m730000484@mail.uic.edu.hk,m730000484,Byijoyuw,1.25
m730000485@mail.uic.edu.hk,m730000485,Ccpqn,2.61
m730000486@mail.uic.edu.hk,m730000486,Fmywoq,3.75
m730000487@mail.uic.edu.hk,m730000487,Jsqwsybm,3.94
m730000488@mail.uic.edu.hk,m730000488,Uspyc,2.05
m730000489@mail.uic.edu.hk,m730000489,Yqgtp,1.19
m730000490@mail.uic.edu.hk,m730000490,Bcfsq,2.72
m730000491@mail.uic.edu.hk,m730000491,Qvja,1.47
m730000492@mail.uic.edu.hk,m730000492,Syofh,2.51
m730000493@mail.uic.edu.hk,m730000493,Avhov,1.74
m730000494@mail.uic.edu.hk,m730000494,Cbbdjya,3.8
m730000495@mail.uic.edu.hk,m730000495,Aulus,1.15
m730000496@mail.uic.edu.hk,m730000496,Gvkbra,1.33
m730000497@mail.uic.edu.hk,m730000497,Capl,3.99
m730000498@mail.uic.edu.hk,m730000498,Jeja,1.29
m730000499@mail.uic.edu.hk,m730000499,Ljprh,3.83
m730000500@mail.uic.edu.hk,m730000500,Nabka,1.59
m730000501@mail.uic.edu.hk,m730000501,Snesu,3.03
m730000502@mail.uic.edu.hk,m730000502,Ruuipvi,1.58
m730000503@mail.uic.edu.hk,m730000503,Ooired,3.1
m730000504@mail.uic.edu.hk,m730000504,Aculbsn,1.58
m730000505@mail.uic.edu.hk,m730000505,Ebrleo,3.28
m730000506@mail.uic.edu.hk,m730000506,Rxwfm,2.17
m730000507@mail.uic.edu.hk,m730000507,Omkvpfp,2.08
m730000508@mail.uic.edu.hk,m730000508,Wrot,1.4
m730000509@mail.uic.edu.hk,m730000509,Pagg,2.35
m730000510@mail.uic.edu.hk,m730000510,Ilrpu,1.95
m730000511@mail.uic.edu.hk,m730000511,Xtenvrww,3.66
m730000512@mail.uic.edu.hk,m730000512,Viwjwy,2.76
m730000513@mail.uic.edu.hk,m730000513,Uljm,1.75
m730000514@mail.uic.edu.hk,m730000514,Kqyritt,1
m730000515@mail.uic.edu.hk,m730000515,Ihjgyaby,2.91
m730000516@mail.uic.edu.hk,m730000516,Jdvugoys,2.67
m730000517@mail.uic.edu.hk,m730000517,Sefwrf,2.35
m730000518@mail.uic.edu.hk,m730000518,Iwelfie,3.89
m730000519@mail.uic.edu.hk,m730000519,Eenuew,3.08
m730000520@mail.uic.edu.hk,m730000520,Plgfa,3.13
m730000521@mail.uic.edu.hk,m730000521,Nhpngwrs,2.3
m730000522@mail.uic.edu.hk,m730000522,Ltgpi,2.15
m730000523@mail.uic.edu.hk,m730000523,Ccdvxwu,2.51
m730000524@mail.uic.edu.hk,m730000524,Ltctiw,1.9
m730000525@mail.uic.edu.hk,m730000525,Oxmd,2.77
m730000526@mail.uic.edu.hk,m730000526,Fqim,3.34
m730000527@mail.uic.edu.hk,m730000527,Brbgcjx,3.94
m730000528@mail.uic.edu.hk,m730000528,Aalaun,1.38
m730000529@mail.uic.edu.hk,m730000529,Ixrxj,1.53
m730000530@mail.uic.edu.hk,m730000530,Msijvq,2.48
m730000531@mail.uic.edu.hk,m730000531,Qinpbq,3.39
m730000532@mail.uic.edu.hk,m730000532,Ifwvtarm,3.84
m730000533@mail.uic.edu.hk,m730000533,Rkox,1.52
m730000534@mail.uic.edu.hk,m730000534,Clgkwue,3.73
m730000535@mail.uic.edu.hk,m730000535,Kkilvxk,1.01
m730000536@mail.uic.edu.hk,m730000536,Khlnt,3.94
m730000537@mail.uic.edu.hk,m730000537,Pdxvll,3.28
m730000538@mail.uic.edu.hk,m730000538,Vcucoo,3.54
m730000539@mail.uic.edu.hk,m730000539,Uuejfx,3.89
m730000540@mail.uic.edu.hk,m730000540,Kqri,2.85
m730000541@mail.uic.edu.hk,m730000541,Yapbg,2.13
m730000542@mail.uic.edu.hk,m730000542,Lrpruqg,3.66
m730000543@mail.uic.edu.hk,m730000543,Xbokpi,3.36
m730000544@mail.uic.edu.hk,m730000544,Oemc,1.86
m730000545@mail.uic.edu.hk,m730000545,Afyee,1.3
m730000546@mail.uic.edu.hk,m730000546,Rvuqtoi,2.02
m730000547@mail.uic.edu.hk,m730000547,Xguwdi,3.96
m730000548@mail.uic.edu.hk,m730000548,Eqon,3.19
m730000549@mail.uic.edu.hk,m730000549,Jgwoq,2.09
m730000550@mail.uic.edu.hk,m730000550,Syfa,1.17
m730000551@mail.uic.edu.hk,m730000551,Dgcnx,1.13
m730000552@mail.uic.edu.hk,m730000552,Xlxjcm,3.16
m730000553@mail.uic.edu.hk,m730000553,Dbuungu,2.03
m730000554@mail.uic.edu.hk,m730000554,Vixc,2.56
m730000555@mail.uic.edu.hk,m730000555,Bskpvthv,3.71
m730000556@mail.uic.edu.hk,m730000556,Tvpcrdhp,2.99
m730000557@mail.uic.edu.hk,m730000557,Ljpltj,2.29
m730000558@mail.uic.edu.hk,m730000558,Dbst,2.13
m730000559@mail.uic.edu.hk,m730000559,Dyusy,1.86
m730000560@mail.uic.edu.hk,m730000560,Lkwvhuyn,1.42
m730000561@mail.uic.edu.hk,m730000561,Uwigdha,3.8
m730000562@mail.uic.edu.hk,m730000562,Ifci,2.08
m730000563@mail.uic.edu.hk,m730000563,Ludgnh,3.58
m730000564@mail.uic.edu.hk,m730000564,Ruiymt,2.04
m730000565@mail.uic.edu.hk,m730000565,Oovpafnr,3.25
m730000566@mail.uic.edu.hk,m730000566,Tfsdx,1.13
m730000567@mail.uic.edu.hk,m730000567,Qqmibajs,3.03
m730000568@mail.uic.edu.hk,m730000568,Ogwg,2.58
m730000569@mail.uic.edu.hk,m730000569,Bidt,3.69
m730000570@mail.uic.edu.hk,m730000570,Btpowtbc,3.25
m730000571@mail.uic.edu.hk,m730000571,Ojcmlqc,1.66
m730000572@mail.uic.edu.hk,m730000572,Yoptltd,3.82
m730000573@mail.uic.edu.hk,m730000573,Cvmpnqn,2.08
m730000574@mail.uic.edu.hk,m730000574,Ipggmqye,2.74
m730000575@mail.uic.edu.hk,m730000575,Wyvbhcaq,2.33
m730000576@mail.uic.edu.hk,m730000576,Jfrtes,2.76
m730000577@mail.uic.edu.hk,m730000577,Wvinrsxk,2.53
m730000578@mail.uic.edu.hk,m730000578,Kbwiubuq,3.74
m730000579@mail.uic.edu.hk,m730000579,Wcsiewbm,1.58
m730000580@mail.uic.edu.hk,m730000580,Pmodeyw,1.96
m730000581@mail.uic.edu.hk,m730000581,Teejny,2.32
m730000582@mail.uic.edu.hk,m730000582,Jwxddhs,2.21
m730000583@mail.uic.edu.hk,m730000583,Ueltjl,3.64
m730000584@mail.uic.edu.hk,m730000584,Wurwd,1.7
m730000585@mail.uic.edu.hk,m730000585,Kkeqh,2.69
m730000586@mail.uic.edu.hk,m730000586,Yuvyubg,1.51
m730000587@mail.uic.edu.hk,m730000587,Yqnn,3.09
m730000588@mail.uic.edu.hk,m730000588,Cdrexcal,2.97
m730000589@mail.uic.edu.hk,m730000589,Ykpvdfeq,3.51
m730000590@mail.uic.edu.hk,m730000590,Ecirh,3.09
m730000591@mail.uic.edu.hk,m730000591,Lwfptjdo,1.27
m730000592@mail.uic.edu.hk,m730000592,Vdpg,3.21
m730000593@mail.uic.edu.hk,m730000593,Uakxqfpo,2.89
m730000594@mail.uic.edu.hk,m730000594,Eshfli,3.93
m730000595@mail.uic.edu.hk,m730000595,Hnposy,1.79
m730000596@mail.uic.edu.hk,m730000596,Vndnujt,2.78
m730000597@mail.uic.edu.hk,m730000597,Tysris,3.84
m730000598@mail.uic.edu.hk,m730000598,Plbdeas,2.92
m730000599@mail.uic.edu.hk,m730000599,Vqfpca,2.84
m730000600@mail.uic.edu.hk,m730000600,Lsweydk,1.27
m730000601@mail.uic.edu.hk,m730000601,Rmjc,1.87
m730000602@mail.uic.edu.hk,m730000602,Ulkplo,3.92
m730000603@mail.uic.edu.hk,m730000603,Urem,3.97
m730000604@mail.uic.edu.hk,m730000604,Rnxp,1.5
m730000605@mail.uic.edu.hk,m730000605,Ntlfjp,3.79
m730000606@mail.uic.edu.hk,m730000606,Gbulesjh,3.8
m730000607@mail.uic.edu.hk,m730000607,Eahfp,3.52
m730000608@mail.uic.edu.hk,m730000608,Trutrndr,1.43
m730000609@mail.uic.edu.hk,m730000609,Fdqm,1.65
m730000610@mail.uic.edu.hk,m730000610,Wjqasucw,2.34
m730000611@mail.uic.edu.hk,m730000611,Tjqko,1.1
m730000612@mail.uic.edu.hk,m730000612,Seahyu,1.12
m730000613@mail.uic.edu.hk,m730000613,Rqheqji,3.85
m730000614@mail.uic.edu.hk,m730000614,Khuvrfcg,3.16
m730000615@mail.uic.edu.hk,m730000615,Dcskk,3.33
m730000616@mail.uic.edu.hk,m730000616,Kbyokbh,1.3
m730000617@mail.uic.edu.hk,m730000617,Nsvis,3.59
m730000618@mail.uic.edu.hk,m730000618,Kjvgloj,2.79
m730000619@mail.uic.edu.hk,m730000619,Gyrgampt,1.67
m730000620@mail.uic.edu.hk,m730000620,Riaignn,2.02
m730000621@mail.uic.edu.hk,m730000621,Ikxex,2.07
m730000622@mail.uic.edu.hk,m730000622,Avin,3.54
m730000623@mail.uic.edu.hk,m730000623,Pattq,2.4
m730000624@mail.uic.edu.hk,m730000624,Eiit,2.53
m730000625@mail.uic.edu.hk,m730000625,Mahal,3.89
m730000626@mail.uic.edu.hk,m730000626,Fknjdck,1.81
m730000627@mail.uic.edu.hk,m730000627,Lguy,1.51
m730000628@mail.uic.edu.hk,m730000628,Ykxmbg,3.09
m730000629@mail.uic.edu.hk,m730000629,Vbegtrr,1.7
m730000630@mail.uic.edu.hk,m730000630,Qjyhpgx,1.95
m730000631@mail.uic.edu.hk,m730000631,Yoyay,2.67
m730000632@mail.uic.edu.hk,m730000632,Bbyi,1.99
m730000633@mail.uic.edu.hk,m730000633,Yuuu,2.59
m730000634@mail.uic.edu.hk,m730000634,Rcyxpf,2.02
m730000635@mail.uic.edu.hk,m730000635,Sfgp,3.47
m730000636@mail.uic.edu.hk,m730000636,Iiyi,3.91
m730000637@mail.uic.edu.hk,m730000637,Rdpyfu,2.94
m730000638@mail.uic.edu.hk,m730000638,Aoajhl,1.61
m730000639@mail.uic.edu.hk,m730000639,Tblqrnn,2.33
m730000640@mail.uic.edu.hk,m730000640,Wvjcvg,2.57
m730000641@mail.uic.edu.hk,m730000641,Qauuax,2.69
m730000642@mail.uic.edu.hk,m730000642,Selnqijb,1
m730000643@mail.uic.edu.hk,m730000643,Pyho,2.02
m730000644@mail.uic.edu.hk,m730000644,Aambayom,3.82
m730000645@mail.uic.edu.hk,m730000645,Ebnt,3.39
m730000646@mail.uic.edu.hk,m730000646,Avpjt,2.1
m730000647@mail.uic.edu.hk,m730000647,Ihuy,1.68
m730000648@mail.uic.edu.hk,m730000648,Uhqwh,3.54
m730000649@mail.uic.edu.hk,m730000649,Foaed,1.13
m730000650@mail.uic.edu.hk,m730000650,Tpxerr,3.96
m730000651@mail.uic.edu.hk,m730000651,Xgphsob,1.17
m730000652@mail.uic.edu.hk,m730000652,Tsigrk,1.92
m730000653@mail.uic.edu.hk,m730000653,Fqlrhu,2.72
m730000654@mail.uic.edu.hk,m730000654,Vhhgq,2.93
m730000655@mail.uic.edu.hk,m730000655,Usnv,2.79
m730000656@mail.uic.edu.hk,m730000656,Rmgr,2.87
m730000657@mail.uic.edu.hk,m730000657,Wdfeyy,3.37
m730000658@mail.uic.edu.hk,m730000658,Tqoiu,3.48
m730000659@mail.uic.edu.hk,m730000659,Cncicdy,3.52
m730000660@mail.uic.edu.hk,m730000660,Pnxu,3.38
m730000661@mail.uic.edu.hk,m730000661,Ixmq,3.06
m730000662@mail.uic.edu.hk,m730000662,Juks,2.59
m730000663@mail.uic.edu.hk,m730000663,Cavajftw,2.89
m730000664@mail.uic.edu.hk,m730000664,Pceh,3
m730000665@mail.uic.edu.hk,m730000665,Fkuxrjm,2.75
m730000666@mail.uic.edu.hk,m730000666,Josnxf,1.71
m730000667@mail.uic.edu.hk,m730000667,Nkwvvh,2.71
m730000668@mail.uic.edu.hk,m730000668,Xldynx,2.77
m730000669@mail.uic.edu.hk,m730000669,Povma,2.3
m730000670@mail.uic.edu.hk,m730000670,Kdgcaxu,3.36
m730000671@mail.uic.edu.hk,m730000671,Ebnpw,3.78
m730000672@mail.uic.edu.hk,m730000672,Vrdpej,2.5
m730000673@mail.uic.edu.hk,m730000673,Ltkpqhkw,2.86
m730000674@mail.uic.edu.hk,m730000674,Vqahw,1.71
m730000675@mail.uic.edu.hk,m730000675,Npuu,1
m730000676@mail.uic.edu.hk,m730000676,Uvveoyk,2.34
m730000677@mail.uic.edu.hk,m730000677,Kvtfhl,2.53
m730000678@mail.uic.edu.hk,m730000678,Qikiw,3.33
m730000679@mail.uic.edu.hk,m730000679,Ocjfm,3.11
m730000680@mail.uic.edu.hk,m730000680,Apalr,3.72
m730000681@mail.uic.edu.hk,m730000681,Msaesyj,3.16
m730000682@mail.uic.edu.hk,m730000682,Kflr,2.65
m730000683@mail.uic.edu.hk,m730000683,Qkbj,2.19
m730000684@mail.uic.edu.hk,m730000684,Raagpxf,3.83
m730000685@mail.uic.edu.hk,m730000685,Qkhltuea,3.95
m730000686@mail.uic.edu.hk,m730000686,Bgyhabit,2.23
m730000687@mail.uic.edu.hk,m730000687,Nyjubwyl,3.73
m730000688@mail.uic.edu.hk,m730000688,Pefd,3.16
m730000689@mail.uic.edu.hk,m730000689,Ckoqmx,1.82
m730000690@mail.uic.edu.hk,m730000690,Xpviaqow,1.31
m730000691@mail.uic.edu.hk,m730000691,Beivjnqq,2.39
m730000692@mail.uic.edu.hk,m730000692,Emeo,2.78
m730000693@mail.uic.edu.hk,m730000693,Bjumlchd,2.63
m730000694@mail.uic.edu.hk,m730000694,Sieimx,2.79
m730000695@mail.uic.edu.hk,m730000695,Tbdud,2.4
m730000696@mail.uic.edu.hk,m730000696,Hdyi,3.58
m730000697@mail.uic.edu.hk,m730000697,Hfrq,1.86
m730000698@mail.uic.edu.hk,m730000698,Bdetdyi,3.79
m730000699@mail.uic.edu.hk,m730000699,Pckc,2.29
m730000700@mail.uic.edu.hk,m730000700,Mnlpybs,1.89
m730000701@mail.uic.edu.hk,m730000701,Dindohw,1.44
m730000702@mail.uic.edu.hk,m730000702,Grkxsj,2.26
m730000703@mail.uic.edu.hk,m730000703,Cmllsfgb,1.83
m730000704@mail.uic.edu.hk,m730000704,Vrtjkaf,2.89
m730000705@mail.uic.edu.hk,m730000705,Anokrhx,2.98
m730000706@mail.uic.edu.hk,m730000706,Txov,1.01
m730000707@mail.uic.edu.hk,m730000707,Xmya,3.59
m730000708@mail.uic.edu.hk,m730000708,Jcmqevmm,3.04
m730000709@mail.uic.edu.hk,m730000709,Hpnud,2.17
m730000710@mail.uic.edu.hk,m730000710,Dudfy,1.01
m730000711@mail.uic.edu.hk,m730000711,Bycrdu,3.7
m730000712@mail.uic.edu.hk,m730000712,Ybfrxd,3.76
m730000713@mail.uic.edu.hk,m730000713,Xpymtg,3.29
m730000714@mail.uic.edu.hk,m730000714,Scdggul,2.18
m730000715@mail.uic.edu.hk,m730000715,Djcoi,2.54
m730000716@mail.uic.edu.hk,m730000716,Wigvwdly,2.59
m730000717@mail.uic.edu.hk,m730000717,Fynluk,3.39
m730000718@mail.uic.edu.hk,m730000718,Brdrye,4
m730000719@mail.uic.edu.hk,m730000719,Oescem,2.66
m730000720@mail.uic.edu.hk,m730000720,Bwyoylmm,1.41
m730000721@mail.uic.edu.hk,m730000721,Qheclcv,2.85
m730000722@mail.uic.edu.hk,m730000722,Wehcuby,1.86
m730000723@mail.uic.edu.hk,m730000723,Xhsc,1.28
m730000724@mail.uic.edu.hk,m730000724,Omykee,3.23
m730000725@mail.uic.edu.hk,m730000725,Ahusvype,2.86
m730000726@mail.uic.edu.hk,m730000726,Tadd,2.38
m730000727@mail.uic.edu.hk,m730000727,Kyjbjmp,2.27
m730000728@mail.uic.edu.hk,m730000728,Yjavk,3.62
m730000729@mail.uic.edu.hk,m730000729,Vlsvanl,3.76
m730000730@mail.uic.edu.hk,m730000730,Tvucvue,3.51
m730000731@mail.uic.edu.hk,m730000731,Ltkq,3.16
m730000732@mail.uic.edu.hk,m730000732,Rspu,2.38
m730000733@mail.uic.edu.hk,m730000733,Vtmh,1.38
m730000734@mail.uic.edu.hk,m730000734,Bbxg,1.66
m730000735@mail.uic.edu.hk,m730000735,Pqoxhay,2.02
m730000736@mail.uic.edu.hk,m730000736,Mcsy,2.56
m730000737@mail.uic.edu.hk,m730000737,Knmmwra,2.28
m730000738@mail.uic.edu.hk,m730000738,Guqujoke,1.27
m730000739@mail.uic.edu.hk,m730000739,Ltaskq,1.41
m730000740@mail.uic.edu.hk,m730000740,Yavtgoc,2.56
m730000741@mail.uic.edu.hk,m730000741,Xcxbnn,2.16
m730000742@mail.uic.edu.hk,m730000742,Qrmf,1.21
m730000743@mail.uic.edu.hk,m730000743,Swtu,3.82
m730000744@mail.uic.edu.hk,m730000744,Uxsps,3.33
m730000745@mail.uic.edu.hk,m730000745,Yyreyg,1.88
m730000746@mail.uic.edu.hk,m730000746,Wgsarklh,1.87
m730000747@mail.uic.edu.hk,m730000747,Ycbxdc,2.41
m730000748@mail.uic.edu.hk,m730000748,Taov,1.03
m730000749@mail.uic.edu.hk,m730000749,Qgxw,2.88
m730000750@mail.uic.edu.hk,m730000750,Bkhcjd,2.87
m730000751@mail.uic.edu.hk,m730000751,Xyet,3.14
m730000752@mail.uic.edu.hk,m730000752,Yxfx,1.75
m730000753@mail.uic.edu.hk,m730000753,Jxgei,2.1
m730000754@mail.uic.edu.hk,m730000754,Kmoste,1.7
m730000755@mail.uic.edu.hk,m730000755,Hqkcxwdk,3.06
m730000756@mail.uic.edu.hk,m730000756,Jsrppq,2.81
m730000757@mail.uic.edu.hk,m730000757,Ebmqsju,1.74
m730000758@mail.uic.edu.hk,m730000758,Dajrpo,1.02
m730000759@mail.uic.edu.hk,m730000759,Ulvolv,3.2
m730000760@mail.uic.edu.hk,m730000760,Yunyc,3.35
m730000761@mail.uic.edu.hk,m730000761,Gvhkoahx,2.34
m730000762@mail.uic.edu.hk,m730000762,Hiosoi,2.8
m730000763@mail.uic.edu.hk,m730000763,Uumokx,1.55
m730000764@mail.uic.edu.hk,m730000764,Febpss,3.85
m730000765@mail.uic.edu.hk,m730000765,Xwiklu,3.1
m730000766@mail.uic.edu.hk,m730000766,Ogbycm,3.14
m730000767@mail.uic.edu.hk,m730000767,Qprgvaur,3.25
m730000768@mail.uic.edu.hk,m730000768,Ijgehf,3.93
m730000769@mail.uic.edu.hk,m730000769,Xurhvftw,2.38
m730000770@mail.uic.edu.hk,m730000770,Lfyce,1.88
m730000771@mail.uic.edu.hk,m730000771,Btmbbe,3.84
m730000772@mail.uic.edu.hk,m730000772,Wuakm,2.6
m730000773@mail.uic.edu.hk,m730000773,Sxej,2.94
m730000774@mail.uic.edu.hk,m730000774,Yhapsvhs,3.66
m730000775@mail.uic.edu.hk,m730000775,Wlqob,1.12
m730000776@mail.uic.edu.hk,m730000776,Tbxeisj,1.5
m730000777@mail.uic.edu.hk,m730000777,Qoqvxxkv,3.18
m730000778@mail.uic.edu.hk,m730000778,Qoufx,3.37
m730000779@mail.uic.edu.hk,m730000779,Vadxe,1.17
m730000780@mail.uic.edu.hk,m730000780,Nqod,3.81
m730000781@mail.uic.edu.hk,m730000781,Ecpwgx,1.11
m730000782@mail.uic.edu.hk,m730000782,Lenokq,2.11
m730000783@mail.uic.edu.hk,m730000783,Kwgh,1.98
m730000784@mail.uic.edu.hk,m730000784,Jdkmhrsn,2.84
m730000785@mail.uic.edu.hk,m730000785,Prsut,3.75
m730000786@mail.uic.edu.hk,m730000786,Bulgdo,3.74
m730000787@mail.uic.edu.hk,m730000787,Dnxflsr,1.09
m730000788@mail.uic.edu.hk,m730000788,Opqbot,3.79
m730000789@mail.uic.edu.hk,m730000789,Yipbik,3.04
m730000790@mail.uic.edu.hk,m730000790,Mjcvwnj,3.44
m730000791@mail.uic.edu.hk,m730000791,Hxqpciv,1.28
m730000792@mail.uic.edu.hk,m730000792,Bjuf,3.29
m730000793@mail.uic.edu.hk,m730000793,Fadotnox,3.34
m730000794@mail.uic.edu.hk,m730000794,Fmonncu,1.22
m730000795@mail.uic.edu.hk,m730000795,Eqycm,3.89
m730000796@mail.uic.edu.hk,m730000796,Hffbmqof,2.99
m730000797@mail.uic.edu.hk,m730000797,Hkslv,3.66
m730000798@mail.uic.edu.hk,m730000798,Doyqa,1.96
m730000799@mail.uic.edu.hk,m730000799,Tnybwjwb,1.52
m730000800@mail.uic.edu.hk,m730000800,Rltaovgv,1.2
m730000801@mail.uic.edu.hk,m730000801,Qfgjpjj,2.62
m730000802@mail.uic.edu.hk,m730000802,Dgqsviah,3.93
m730000803@mail.uic.edu.hk,m730000803,Rtpdxq,2.93
m730000804@mail.uic.edu.hk,m730000804,Pssnwlqy,2.79
m730000805@mail.uic.edu.hk,m730000805,Huvc,1.71
m730000806@mail.uic.edu.hk,m730000806,Avbyt,1.2
m730000807@mail.uic.edu.hk,m730000807,Mjknf,1.81
m730000808@mail.uic.edu.hk,m730000808,Ihnof,1.34
m730000809@mail.uic.edu.hk,m730000809,Sqdk,3.82
m730000810@mail.uic.edu.hk,m730000810,Ywed,3.06
m730000811@mail.uic.edu.hk,m730000811,Peacoe,2.98
m730000812@mail.uic.edu.hk,m730000812,Ndxeb,1
m730000813@mail.uic.edu.hk,m730000813,Rfqpxif,3.38
m730000814@mail.uic.edu.hk,m730000814,Mtykf,3.92
m730000815@mail.uic.edu.hk,m730000815,Icepkvct,1.46
m730000816@mail.uic.edu.hk,m730000816,Xeigb,2.74
m730000817@mail.uic.edu.hk,m730000817,Gwecbftn,1.66
m730000818@mail.uic.edu.hk,m730000818,Ckcy,3.83
m730000819@mail.uic.edu.hk,m730000819,Rfspdwjb,3.59
m730000820@mail.uic.edu.hk,m730000820,Bmnwcaa,3.09
m730000821@mail.uic.edu.hk,m730000821,Sfgg,3.35
m730000822@mail.uic.edu.hk,m730000822,Vcop,1.12
m730000823@mail.uic.edu.hk,m730000823,Knnunvod,1.27
m730000824@mail.uic.edu.hk,m730000824,Qelays,3.53
m730000825@mail.uic.edu.hk,m730000825,Jnhq,2.14
m730000826@mail.uic.edu.hk,m730000826,Qwec,1.5
m730000827@mail.uic.edu.hk,m730000827,Blcmb,1.07
m730000828@mail.uic.edu.hk,m730000828,Rcpgskio,2.22
m730000829@mail.uic.edu.hk,m730000829,Vglmvpws,1.66
m730000830@mail.uic.edu.hk,m730000830,Gmvnbpe,3.4
m730000831@mail.uic.edu.hk,m730000831,Oemdjiw,2.49
m730000832@mail.uic.edu.hk,m730000832,Uhnewpxb,3.63
m730000833@mail.uic.edu.hk,m730000833,Gaxnd,1.55
m730000834@mail.uic.edu.hk,m730000834,Hboyqmj,1.33
m730000835@mail.uic.edu.hk,m730000835,Mqjaft,2.86
m730000836@mail.uic.edu.hk,m730000836,Plrlnv,3.4
m730000837@mail.uic.edu.hk,m730000837,Saso,3.82
m730000838@mail.uic.edu.hk,m730000838,Ilcajdhg,1.85
m730000839@mail.uic.edu.hk,m730000839,Buudqjup,2.66
m730000840@mail.uic.edu.hk,m730000840,Ijninmk,1.17
m730000841@mail.uic.edu.hk,m730000841,Pfvace,1.17
m730000842@mail.uic.edu.hk,m730000842,Euatyt,2.54
m730000843@mail.uic.edu.hk,m730000843,Jqelif,3.32
m730000844@mail.uic.edu.hk,m730000844,Ixofkm,2.28
m730000845@mail.uic.edu.hk,m730000845,Ekvwontv,1.18
m730000846@mail.uic.edu.hk,m730000846,Njym,3.02
m730000847@mail.uic.edu.hk,m730000847,Ilivsmgf,3.92
m730000848@mail.uic.edu.hk,m730000848,Pcuul,2.47
m730000849@mail.uic.edu.hk,m730000849,Xjiqbd,3.7
m730000850@mail.uic.edu.hk,m730000850,Apjwlcux,2.37
m730000851@mail.uic.edu.hk,m730000851,Akqdsl,2.07
m730000852@mail.uic.edu.hk,m730000852,Xiiujws,1.66
m730000853@mail.uic.edu.hk,m730000853,Uyavrtfj,3.4
m730000854@mail.uic.edu.hk,m730000854,Bswg,2.9
m730000855@mail.uic.edu.hk,m730000855,Joib,1.09
m730000856@mail.uic.edu.hk,m730000856,Yvan,1.76
m730000857@mail.uic.edu.hk,m730000857,Ryjpt,2.97
m730000858@mail.uic.edu.hk,m730000858,Urtymfuq,1.43
m730000859@mail.uic.edu.hk,m730000859,Mkpvcqex,1
m730000860@mail.uic.edu.hk,m730000860,Leyjip,3.69
m730000861@mail.uic.edu.hk,m730000861,Bqwn,2.28
m730000862@mail.uic.edu.hk,m730000862,Mpjgs,1.71
m730000863@mail.uic.edu.hk,m730000863,Qsqjqdex,1.03
m730000864@mail.uic.edu.hk,m730000864,Dfua,2.05
m730000865@mail.uic.edu.hk,m730000865,Ikmsc,1.51
m730000866@mail.uic.edu.hk,m730000866,Rsatglui,1.8
m730000867@mail.uic.edu.hk,m730000867,Rvthvw,2.01
m730000868@mail.uic.edu.hk,m730000868,Cbxpg,3.89
m730000869@mail.uic.edu.hk,m730000869,Pxadk,2.84
m730000870@mail.uic.edu.hk,m730000870,Hbhory,3.87
m730000871@mail.uic.edu.hk,m730000871,Rgkan,3.45
m730000872@mail.uic.edu.hk,m730000872,Uesq,2.12
m730000873@mail.uic.edu.hk,m730000873,Iuhakoqy,1.54
m730000874@mail.uic.edu.hk,m730000874,Iece,1.23
m730000875@mail.uic.edu.hk,m730000875,Jksrwagk,3.97
m730000876@mail.uic.edu.hk,m730000876,Pttysfo,2
m730000877@mail.uic.edu.hk,m730000877,Glowsem,2.52
m730000878@mail.uic.edu.hk,m730000878,Ojbp,3.22
m730000879@mail.uic.edu.hk,m730000879,Wxwfhgmc,3.42
m730000880@mail.uic.edu.hk,m730000880,Yydbqeep,2.84
m730000881@mail.uic.edu.hk,m730000881,Hitv,2.98
m730000882@mail.uic.edu.hk,m730000882,Nqdguuy,2.42
m730000883@mail.uic.edu.hk,m730000883,Dmjeoxxn,1.16
m730000884@mail.uic.edu.hk,m730000884,Qknlqc,1.67
m730000885@mail.uic.edu.hk,m730000885,Phhg,1.58
m730000886@mail.uic.edu.hk,m730000886,Mgcx,1.48
m730000887@mail.uic.edu.hk,m730000887,Wopsh,2.1
m730000888@mail.uic.edu.hk,m730000888,Nyuiudj,1.92
m730000889@mail.uic.edu.hk,m730000889,Mkyxi,2.96
m730000890@mail.uic.edu.hk,m730000890,Nljjja,3.97
m730000891@mail.uic.edu.hk,m730000891,Hsgkrwik,1.13
m730000892@mail.uic.edu.hk,m730000892,Ylpkae,3.56
m730000893@mail.uic.edu.hk,m730000893,Kujlg,2.03
m730000894@mail.uic.edu.hk,m730000894,Bhutjcfk,1.38
m730000895@mail.uic.edu.hk,m730000895,Adnxat,2.67
m730000896@mail.uic.edu.hk,m730000896,Shht,1.3
m730000897@mail.uic.edu.hk,m730000897,Pvxrvjfe,2.99
m730000898@mail.uic.edu.hk,m730000898,Tnayuo,3.01
m730000899@mail.uic.edu.hk,m730000899,Hpsu,2.88
m730000900@mail.uic.edu.hk,m730000900,Jdtaqbtc,1.73
m730000901@mail.uic.edu.hk,m730000901,Vyix,1.96
m730000902@mail.uic.edu.hk,m730000902,Uekdu,2.94
m730000903@mail.uic.edu.hk,m730000903,Hrfshnpl,3.83
m730000904@mail.uic.edu.hk,m730000904,Ruvs,1.04
m730000905@mail.uic.edu.hk,m730000905,Vvuntic,3.92
m730000906@mail.uic.edu.hk,m730000906,Afares,1.87
m730000907@mail.uic.edu.hk,m730000907,Epevwtrj,1.02
m730000908@mail.uic.edu.hk,m730000908,Cycwuq,1.75
m730000909@mail.uic.edu.hk,m730000909,Rspvf,1.84
m730000910@mail.uic.edu.hk,m730000910,Imhymhkr,3.62
m730000911@mail.uic.edu.hk,m730000911,Judn,1.69
m730000912@mail.uic.edu.hk,m730000912,Idawhkpf,3.8
m730000913@mail.uic.edu.hk,m730000913,Wlingpb,1.94
m730000914@mail.uic.edu.hk,m730000914,Dtbqpbs,1.75
m730000915@mail.uic.edu.hk,m730000915,Mgoocfy,3.89
m730000916@mail.uic.edu.hk,m730000916,Saajgf,3.11
m730000917@mail.uic.edu.hk,m730000917,Yskjftt,3.2
m730000918@mail.uic.edu.hk,m730000918,Tsyw,2.36
m730000919@mail.uic.edu.hk,m730000919,Xjthpnuw,1.83
m730000920@mail.uic.edu.hk,m730000920,Wupc,2.59
m730000921@mail.uic.edu.hk,m730000921,Wyafve,1.52
m730000922@mail.uic.edu.hk,m730000922,Bhor,3.4
m730000923@mail.uic.edu.hk,m730000923,Sgxqh,1.46
m730000924@mail.uic.edu.hk,m730000924,Iswox,1.37
m730000925@mail.uic.edu.hk,m730000925,Ljulcq,1.25
m730000926@mail.uic.edu.hk,m730000926,Dqwygxk,3.74
m730000927@mail.uic.edu.hk,m730000927,Spdjqwn,3.49
m730000928@mail.uic.edu.hk,m730000928,Ynwc,1.81
m730000929@mail.uic.edu.hk,m730000929,Qftvyqo,3.45
m730000930@mail.uic.edu.hk,m730000930,Qkqxpf,1.99
m730000931@mail.uic.edu.hk,m730000931,Vsmtbps,1.24
m730000932@mail.uic.edu.hk,m730000932,Ystwulpa,1.83
m730000933@mail.uic.edu.hk,m730000933,Mufyabtl,3.37
m730000934@mail.uic.edu.hk,m730000934,Jxgnto,1.36
m730000935@mail.uic.edu.hk,m730000935,Bkcbo,2.7
m730000936@mail.uic.edu.hk,m730000936,Yvyxmx,3.88
m730000937@mail.uic.edu.hk,m730000937,Iuggx,2.86
m730000938@mail.uic.edu.hk,m730000938,Wqsx,1.25
m730000939@mail.uic.edu.hk,m730000939,Eutay,3.56
m730000940@mail.uic.edu.hk,m730000940,Xuauj,1.46
m730000941@mail.uic.edu.hk,m730000941,Yrwj,3.3
m730000942@mail.uic.edu.hk,m730000942,Yxymj,2.67
m730000943@mail.uic.edu.hk,m730000943,Ejyr,2.22
m730000944@mail.uic.edu.hk,m730000944,Ctyvrxv,3.11
m730000945@mail.uic.edu.hk,m730000945,Sxgiy,3.72
m730000946@mail.uic.edu.hk,m730000946,Ssaetvkl,1.35
m730000947@mail.uic.edu.hk,m730000947,Arfaf,3.55
m730000948@mail.uic.edu.hk,m730000948,Xcff,2.47
m730000949@mail.uic.edu.hk,m730000949,Omer,3.96
m730000950@mail.uic.edu.hk,m730000950,Fqqvfoq,3.99
m730000951@mail.uic.edu.hk,m730000951,Kibyb,3.46
m730000952@mail.uic.edu.hk,m730000952,Bvchmcuf,2.53
m730000953@mail.uic.edu.hk,m730000953,Kidmiq,1.57
m730000954@mail.uic.edu.hk,m730000954,Cdfjl,1.52
m730000955@mail.uic.edu.hk,m730000955,Fifxhqu,3.06
m730000956@mail.uic.edu.hk,m730000956,Spjjyqk,1.1
m730000957@mail.uic.edu.hk,m730000957,Xkdb,3.33
m730000958@mail.uic.edu.hk,m730000958,Bvwj,3.33
m730000959@mail.uic.edu.hk,m730000959,Uajccv,2.19
m730000960@mail.uic.edu.hk,m730000960,Wouxbs,1.41
m730000961@mail.uic.edu.hk,m730000961,Txpsik,1.53
m730000962@mail.uic.edu.hk,m730000962,Vois,3.54
m730000963@mail.uic.edu.hk,m730000963,Lrdqnbs,2.75
m730000964@mail.uic.edu.hk,m730000964,Knhfe,1.75
m730000965@mail.uic.edu.hk,m730000965,Svxxh,3.98
m730000966@mail.uic.edu.hk,m730000966,Uboqgoaa,2.05
m730000967@mail.uic.edu.hk,m730000967,Vqmminf,2.2
m730000968@mail.uic.edu.hk,m730000968,Ythd,2.7
m730000969@mail.uic.edu.hk,m730000969,Kixsy,2.54
m730000970@mail.uic.edu.hk,m730000970,Qktvo,3.98
m730000971@mail.uic.edu.hk,m730000971,Woomhwc,1.79
m730000972@mail.uic.edu.hk,m730000972,Yxvl,2.45
m730000973@mail.uic.edu.hk,m730000973,Rynson,1.87
m730000974@mail.uic.edu.hk,m730000974,Svimu,1.82
m730000975@mail.uic.edu.hk,m730000975,Awvmsh,3.06
m730000976@mail.uic.edu.hk,m730000976,Vocmugbq,2.45
m730000977@mail.uic.edu.hk,m730000977,Yqyg,1.37
m730000978@mail.uic.edu.hk,m730000978,Livjhi,1.64
m730000979@mail.uic.edu.hk,m730000979,Efcytsyb,3.48
m730000980@mail.uic.edu.hk,m730000980,Qcnm,2.25
m730000981@mail.uic.edu.hk,m730000981,Donqxvg,1.06
m730000982@mail.uic.edu.hk,m730000982,Khhha,2.95
m730000983@mail.uic.edu.hk,m730000983,Hbsixt,2.96
m730000984@mail.uic.edu.hk,m730000984,Iihml,2.84
m730000985@mail.uic.edu.hk,m730000985,Myuvcx,3.27
m730000986@mail.uic.edu.hk,m730000986,Cilg,3.91
m730000987@mail.uic.edu.hk,m730000987,Fdcj,2.18
m730000988@mail.uic.edu.hk,m730000988,Sscgpc,3.19
m730000989@mail.uic.edu.hk,m730000989,Blyrq,1.6
m730000990@mail.uic.edu.hk,m730000990,Mxrxrl,1.14
m730000991@mail.uic.edu.hk,m730000991,Eygngl,2.18
m730000992@mail.uic.edu.hk,m730000992,Iofgso,3.54
m730000993@mail.uic.edu.hk,m730000993,Truro,3.15
m730000994@mail.uic.edu.hk,m730000994,Ytya,1.85
m730000995@mail.uic.edu.hk,m730000995,Yylyhk,3.07
m730000996@mail.uic.edu.hk,m730000996,Afhlmum,2.55
m730000997@mail.uic.edu.hk,m730000997,Lmvbaiv,3.36
m730000998@mail.uic.edu.hk,m730000998,Wxaidur,2.51
